Date,Diagnosed_Disease,Region,Temperature (Â°C),Humidity (%),Rainfall (mm),AQI,Sentiment_Score,Reported_Cases
2020-01-01,COVID-19,Chennai,23.349296532508152,70.15433072450408,6.421582501234469,110.52675184898632,0.5783331011414365,17
2020-01-02,COVID-19,Chennai,29.737638446522176,72.67434729152909,3.5915768421951437,98.13840065378947,0.4727299868828403,15
2020-01-03,COVID-19,Chennai,29.38713436103805,80.38714967614598,0.0,99.05161837557196,0.4186662652854462,13
2020-01-04,COVID-19,Chennai,25.427393807159966,64.65347815772401,8.403017796507632,88.42881677543352,0.6721230154351119,19
2020-01-05,COVID-19,Chennai,23.198083930243584,62.083062502067236,3.1948801633118094,117.78417276763406,0.44881529393791153,18
2020-01-06,COVID-19,Chennai,27.467634736309567,52.791563500289776,5.626590785014266,60.60494814180336,0.6186841117373119,16
2020-01-07,COVID-19,Chennai,18.464997259528875,54.56103591765165,5.518081119576536,94.86298151329098,0.5306163075223342,17
2020-01-08,COVID-19,Chennai,26.693392715665407,65.25500668081348,6.41957974838007,99.88785897643476,0.615876852955632,18
2020-01-09,COVID-19,Chennai,20.959965707915963,56.194087339528934,1.6083430859552994,92.01643323942032,0.7208787923016159,11
2020-01-10,COVID-19,Chennai,24.869389592579505,62.24699089753607,0.3107996162404616,78.0655351179448,0.4056319290860338,13
2020-01-11,COVID-19,Chennai,28.092998567487854,74.31280119116198,2.4823474303320845,85.36181436223178,0.7452413703502374,18
2020-01-12,COVID-19,Chennai,22.310994450612093,63.88012179493058,9.406823856297176,73.14152498189945,0.6663689426469988,19
2020-01-13,COVID-19,Chennai,26.373655231000047,48.15712621634118,5.980535671910042,88.78321568761969,0.7395655297064336,16
2020-01-14,COVID-19,Chennai,29.48630275865042,68.38181251993319,15.11688876088002,76.19413792398936,0.5710164073434199,21
2020-01-15,COVID-19,Chennai,20.85784892718324,62.191937084732466,4.8205482090149925,104.41760649627533,0.6253102287905535,15
2020-01-16,COVID-19,Chennai,24.340984336487463,68.57112571511746,9.433682134224547,82.22594672589528,0.491519266196649,18
2020-01-17,COVID-19,Chennai,22.574519191320437,59.982429564154636,7.746206353106222,94.93126664489526,0.7214688307596459,15
2020-01-18,COVID-19,Chennai,25.291232648044122,74.68644990532889,2.893840718367943,85.08506780103347,0.4911740650167767,20
2020-01-19,COVID-19,Chennai,25.88836083119373,67.6105527217989,5.015340369927383,86.4811929993728,0.5669644012595116,16
2020-01-20,COVID-19,Chennai,21.711202614155933,74.14884321926012,3.0018181393087136,82.29318762737631,0.4875056878292281,19
2020-01-21,COVID-19,Chennai,22.170829574598212,79.03958738659293,4.94434758646508,64.89743067014665,0.5203513239267079,12
2020-01-22,COVID-19,Chennai,24.8068658475971,68.44902335044729,4.759737993942532,86.37929802533681,0.6537405378805455,13
2020-01-23,COVID-19,Chennai,17.503722575083867,79.80328561172163,11.47618557008931,108.47667565074165,0.4323413305330861,19
2020-01-24,COVID-19,Chennai,27.373095841129143,55.906125452052606,9.208382932808298,68.97223405811579,0.6534118843043579,13
2020-01-25,COVID-19,Chennai,25.084298390044605,53.02912936661697,7.369018414252017,96.47234194894563,0.530383562080754,16
2020-01-26,COVID-19,Chennai,25.027433037220412,61.34460703167457,6.947260197887319,71.6568969498704,0.4697465716019966,13
2020-01-27,COVID-19,Chennai,26.28403852296828,40.303011349324024,6.445937417008683,103.89684537930484,0.6940864476963089,14
2020-01-28,COVID-19,Chennai,27.440551652109008,52.69135683566045,5.682379803812388,109.60714131423643,0.6118602313424026,14
2020-01-29,COVID-19,Chennai,28.001456823286315,66.5242086225926,3.19580826328482,77.30078464702805,0.6801431319891085,15
2020-01-30,COVID-19,Chennai,24.14353209704101,75.6529246884595,7.5619933594847035,116.82890785988194,0.5489131066246973,21
2020-01-31,COVID-19,Chennai,25.524499035974415,52.83145107640761,8.148042176962598,109.87658492271302,0.48970772378422395,13
2020-02-01,COVID-19,Chennai,24.98542916604691,61.16676693734097,3.6124194193947434,73.31253968505828,0.697668209222625,15
2020-02-02,COVID-19,Chennai,27.46618047998347,83.96792982653947,4.263835651991388,78.69395753463766,0.5060809470726902,18
2020-02-03,COVID-19,Chennai,24.965669657590816,69.13354087623645,4.577304336597949,103.0824278903018,0.5400313630778704,13
2020-02-04,COVID-19,Chennai,24.20602950028613,92.20169166589619,6.877002043295018,77.14263665375576,0.5123089449763424,15
2020-02-05,COVID-19,Chennai,24.96525004065402,66.90598705114523,6.8209271287058755,84.76648225840873,0.6990875095589656,17
2020-02-06,COVID-19,Chennai,24.62760283335502,72.40340817947738,3.6426133029659926,101.65574692355412,0.5540390914407701,19
2020-02-07,COVID-19,Chennai,24.666388000569192,47.509305658283864,0.9757895061615063,65.67458068584776,0.7376852562905246,16
2020-02-08,COVID-19,Chennai,22.3484276913966,66.53725105945527,5.174626155337999,72.85544553254066,0.7509492287711822,14
2020-02-09,COVID-19,Chennai,26.3493221154662,82.78924343885961,2.999169875130462,64.62272615624545,0.5024827774377832,21
2020-02-10,COVID-19,Chennai,25.071795443397512,73.71913988812393,9.312068985000582,90.10959559110948,0.6599855723111061,16
2020-02-11,COVID-19,Chennai,21.542303885019955,49.99231606792826,5.495068394328015,77.16106623255948,0.4143769095186969,22
2020-02-12,COVID-19,Chennai,25.449501149018793,66.40907368071322,6.063258755358987,61.79531117321166,0.5306604967184164,21
2020-02-13,COVID-19,Chennai,22.854088872220096,71.79597748934675,2.8089001048485898,93.24687884372962,0.4206726884674431,17
2020-02-14,COVID-19,Chennai,29.99130936834475,57.607635685448926,4.678416574516622,82.70674071370314,0.5734082950322968,23
2020-02-15,COVID-19,Chennai,22.684542766729734,81.61301730608155,3.997258726548897,85.23229640234125,0.5000971592658382,19
2020-02-16,COVID-19,Chennai,27.836145070262702,77.66406855372875,6.131888796381228,114.77026479719235,0.644688298493741,20
2020-02-17,COVID-19,Chennai,25.259697443567664,59.071172675396454,2.9599869976461726,86.0489123269909,0.4376627953074241,17
2020-02-18,COVID-19,Chennai,27.097277145579966,70.99896633711006,3.556255598529482,58.593089939474055,0.6599094730571053,23
2020-02-19,COVID-19,Chennai,29.629202955577252,78.23263807151237,4.614763560380876,83.0150284311818,0.6503439662856946,23
2020-02-20,COVID-19,Chennai,34.56110001421891,65.8416352100792,7.917898600696374,113.16712258061688,0.777556641824303,15
2020-02-21,COVID-19,Chennai,25.209406254970055,61.1468640313824,5.340552035753744,99.9319601178157,0.5552679704826088,14
2020-02-22,COVID-19,Chennai,31.3991001239688,45.47912200477498,4.54464471489325,98.82475809726864,0.7844762255295658,23
2020-02-23,COVID-19,Chennai,22.993075518049945,56.319157745955124,3.3648871539587257,70.98926547731497,0.4155852529240935,16
2020-02-24,COVID-19,Chennai,23.54070170184292,67.0759826128572,7.654971401559997,83.03205377032549,0.4093087742943304,16
2020-02-25,COVID-19,Chennai,24.9147356272028,47.835755540560285,1.8711158191914463,109.89707502478572,0.774659260742283,22
2020-02-26,COVID-19,Chennai,27.43858635651688,71.29628841923612,2.513014967233783,81.59728439704546,0.7002459006563434,17
2020-02-27,COVID-19,Chennai,24.937295218107554,66.17327383308782,8.832994687365275,81.12642916746255,0.5363214161012072,19
2020-02-28,COVID-19,Chennai,27.293434705977134,53.888361872559024,2.412154635303356,101.85890984136219,0.5510915544705179,15
2020-02-29,COVID-19,Chennai,28.916436421462986,65.21003841632759,7.045858913884892,85.34599865109816,0.5556806714936653,23
2020-03-01,COVID-19,Chennai,23.76612822802056,74.8402354456309,5.31070425332705,94.01454021244687,0.593008379857057,24
2020-03-02,COVID-19,Chennai,22.545337950299583,85.9238727568546,1.981947855500894,71.78717080818402,0.6690073824308154,18
2020-03-03,COVID-19,Chennai,30.440999727636722,69.04582895117525,5.270217760944984,91.24095653700718,0.7353923055055941,22
2020-03-04,COVID-19,Chennai,23.58688508314503,67.32049937357637,0.6557469755080279,68.88804338435168,0.725119826903001,21
2020-03-05,COVID-19,Chennai,22.844667336242694,62.86552848288153,5.932722696794014,112.13034325424329,0.5696888036987906,24
2020-03-06,COVID-19,Chennai,22.8269986139587,46.242213614360566,3.2773956535769626,67.62038511811726,0.6285892100820043,18
2020-03-07,COVID-19,Chennai,28.813414677942745,72.70863101464039,6.478059451401216,91.33309509197615,0.5499482318094817,15
2020-03-08,COVID-19,Chennai,25.172238843269113,56.558922675912534,9.076449899998186,85.7048022575112,0.7911602675017084,19
2020-03-09,COVID-19,Chennai,24.49578763238341,67.85175324649654,3.584240776129577,93.25809716839596,0.4664861727637012,15
2020-03-10,COVID-19,Chennai,23.704173395174884,83.5996700648693,8.601234645240195,117.24131685365722,0.7604632041963957,23
2020-03-11,COVID-19,Chennai,24.57015022384876,58.99395318750415,4.075466140175639,78.93855800284827,0.46787196155822625,18
2020-03-12,COVID-19,Chennai,18.62831282707058,59.74244978319239,2.7226020153389063,92.25590679714311,0.7897579230664666,20
2020-03-13,COVID-19,Chennai,30.18324288230278,50.07398635584307,3.0611015020977534,83.94667564729633,0.43048015183966526,20
2020-03-14,COVID-19,Chennai,21.039300378938073,83.31458765854353,8.538320362163862,82.96236521842943,0.7949104517259779,15
2020-03-15,COVID-19,Chennai,29.11713338964174,58.222139070066156,8.460595616023605,84.37484057445279,0.6276325876662991,15
2020-03-16,COVID-19,Chennai,17.6432061960528,55.98706181335332,4.674114007733433,89.1677256255349,0.7458889505020213,15
2020-03-17,COVID-19,Chennai,29.916579959121858,67.25235352805603,5.4992886074094836,102.11333447408144,0.6904483376287393,24
2020-03-18,COVID-19,Chennai,23.649803585562267,71.22849932347499,1.7971387118522166,87.8643077246806,0.781620410903489,18
2020-03-19,COVID-19,Chennai,27.13484463426667,53.75357908162131,0.3976574877931327,109.16515232847763,0.44542303687985163,24
2020-03-20,COVID-19,Chennai,14.565492359090332,62.31736938050487,3.4462632325830973,103.39238046448283,0.726554294085225,19
2020-03-21,COVID-19,Chennai,23.310224165618912,90.39257791210892,9.190380736310729,84.15134413485333,0.655744542789697,17
2020-03-22,COVID-19,Chennai,25.700397389440727,73.0265225560743,5.162212622781459,93.60526734116216,0.654657728648913,17
2020-03-23,COVID-19,Chennai,24.191779496666328,72.17542255795962,9.507071156288085,91.11142170629662,0.5586171129285081,21
2020-03-24,COVID-19,Chennai,30.71772171078098,67.27602320930492,4.415989214367562,111.29509466315616,0.7368365660074839,15
2020-03-25,COVID-19,Chennai,24.15584468034674,48.353068038049926,4.981402580978383,96.04678990628366,0.5315006441150033,17
2020-03-26,COVID-19,Chennai,18.47535249204071,85.32142525959219,0.0,112.49833013512796,0.6790670294787727,18
2020-03-27,COVID-19,Chennai,23.45839924798992,54.40786478111048,4.811962708180484,104.32713480751858,0.6670230954084109,16
2020-03-28,COVID-19,Chennai,20.903005640549033,70.04106859690535,3.490287543002756,105.67969189511416,0.5390476857930735,20
2020-03-29,COVID-19,Chennai,20.69773339230243,63.084671760867074,5.17242200907289,55.757962649388034,0.6761579314517461,23
2020-03-30,COVID-19,Chennai,24.875121897139227,55.998843419260865,5.367516495018557,119.60191337403836,0.4627910730864775,15
2020-03-31,COVID-19,Chennai,27.554062793801528,58.79636277464448,2.790763483227061,98.6925660232478,0.4837397293346841,22
2020-04-01,COVID-19,Chennai,32.12242523020179,61.89275735382806,3.1204274519343684,57.11804915637032,0.6989883752535027,22
2020-04-02,COVID-19,Chennai,26.200656911221113,57.15488106186697,6.415480973799188,99.76597585005456,0.41218886109343766,16
2020-04-03,COVID-19,Chennai,29.571362230581425,40.43252943136521,2.5684824590623436,76.43187174319394,0.5509136652418491,24
2020-04-04,COVID-19,Chennai,28.568799343854245,67.23336158696355,5.225797837787563,76.87486998812886,0.4932865646199205,18
2020-04-05,COVID-19,Chennai,18.46995583218345,61.08965998769508,4.105684191941105,122.59263443059959,0.6336797938856678,20
2020-04-06,COVID-19,Chennai,29.56937223180897,70.38910043684659,1.8882615370206306,87.14491982874588,0.5135103623194899,20
2020-04-07,COVID-19,Chennai,25.677991822282088,73.39747437897714,4.966317669861086,65.43008946429917,0.5321393925123656,23
2020-04-08,COVID-19,Chennai,23.915731481719067,62.615066326159415,3.6256702915058705,80.610106046184,0.4642725493038223,22
2020-04-09,COVID-19,Chennai,17.491721435013353,71.84642201555168,6.170759806949427,88.72636751256252,0.7462028503575922,20
2020-04-10,COVID-19,Chennai,24.973628331089934,69.51411198647499,7.447554861467269,98.5013389037824,0.6873829083346215,22
2020-04-11,COVID-19,Chennai,28.725911794029567,64.14236830767166,2.2709211495546415,99.57935474756466,0.6944988734793953,15
2020-04-12,COVID-19,Chennai,20.427128400490023,72.97736314578634,1.5825748142303522,94.01613998554892,0.592456040741927,17
2020-04-13,COVID-19,Chennai,24.554345784978853,60.92539862364735,3.1940939633108463,101.4037664195304,0.6726010888895717,15
2020-04-14,COVID-19,Chennai,24.78497789032769,54.76181480510945,8.865219020535468,96.96774907864274,0.44267970004537444,19
2020-04-15,COVID-19,Chennai,26.113437620113928,58.960148132841795,5.2597693624187,87.66484146911881,0.6297892452719648,22
2020-04-16,COVID-19,Chennai,26.595750676656536,71.96351126652488,6.548374185733072,97.1324046217376,0.4745619947152577,17
2020-04-17,COVID-19,Chennai,25.869324570689237,85.75400798645438,7.6133741102950765,85.10964701748239,0.5569780429690542,22
2020-04-18,COVID-19,Chennai,30.317133960932786,61.01626609823052,5.750571476742929,102.08602949289178,0.6159124247658533,15
2020-04-19,COVID-19,Chennai,25.98078212129249,62.80899471191136,7.488216743550467,56.832970364881724,0.7625888443858189,17
2020-04-20,COVID-19,Chennai,18.13281622920101,79.32481917452506,8.644166179059644,76.78704533267609,0.6774870429613353,18
2020-04-21,COVID-19,Chennai,26.52813434900832,77.47327055231725,7.89776602387877,91.23082306729196,0.7154388844898123,20
2020-04-22,COVID-19,Chennai,27.484460471170316,75.0989496104966,3.509422901982136,95.817673222957,0.4818178372677853,16
2020-04-23,COVID-19,Chennai,26.436939477239175,68.33662105286949,8.112619832773698,82.3497540171788,0.4442526947820829,18
2020-04-24,COVID-19,Chennai,31.771594843279416,55.663618907370754,14.523326411380275,92.7336090698498,0.5945429927982432,18
2020-04-25,COVID-19,Chennai,27.891550956146084,74.73557447520125,9.157709963873296,105.12904424773254,0.6170897773390385,19
2020-04-26,COVID-19,Chennai,21.466643375522942,58.19738412806092,0.0,80.92405386012145,0.6459801052610619,24
2020-04-27,COVID-19,Chennai,25.541592525416295,91.43571583398551,4.391461340989543,90.70373152425388,0.7488495635776606,18
2020-04-28,COVID-19,Chennai,23.192056584084053,78.01849168160095,3.117743346867569,82.5691613560313,0.4745283517976483,21
2020-04-29,COVID-19,Chennai,32.61607330521246,70.23952667107794,3.2357395210563418,87.99898713162683,0.5340788966583604,18
2020-04-30,COVID-19,Chennai,26.42595658063692,78.18838621090771,4.369949904874718,75.78690319071131,0.7454072562451828,20
2020-01-01,Dengue,Chennai,20.332750072385114,37.153643552179,5.484059677636708,101.63208858733371,0.41313866809737537,8
2020-01-02,Dengue,Chennai,26.415064315593522,49.70235696827192,8.116478435335786,79.52675957526971,0.5110348690517673,15
2020-01-03,Dengue,Chennai,24.19333392833551,53.934740912583294,12.72007940974958,90.88827651021732,0.426830590955371,12
2020-01-04,Dengue,Chennai,29.049113881932087,61.703826581935914,3.6559185805993084,58.13852888504739,0.649990394820421,13
2020-01-05,Dengue,Chennai,20.047792841654317,72.00942261446077,5.7044422603867,117.27029411941673,0.6137823565028988,6
2020-01-06,Dengue,Chennai,28.738255577492886,44.2660976759185,3.9719372177589536,84.42838701006313,0.744714248405407,12
2020-01-07,Dengue,Chennai,22.514025890986616,74.21634718353847,5.190899721105666,104.27271094414431,0.7202999085944485,12
2020-01-08,Dengue,Chennai,26.45594798968136,57.27332857726529,4.732336473218989,90.44975451790737,0.4887888647731798,13
2020-01-09,Dengue,Chennai,25.0767140092283,50.89149469594217,0.0,105.15517504412367,0.6277774071054002,8
2020-01-10,Dengue,Chennai,21.333616573324164,72.12998430172388,4.279023805525595,84.37768788675604,0.6889067727422638,13
2020-01-11,Dengue,Chennai,19.92020147587063,55.99467114812856,5.6928318691644915,79.26036289610691,0.694361845278401,10
2020-01-12,Dengue,Chennai,19.9906624837948,82.64686934262718,1.2754963071526326,77.75541886417732,0.5518769632669068,13
2020-01-13,Dengue,Chennai,28.555630874532667,58.29960806444653,7.8491482417878125,84.58518781116152,0.4878042100323835,16
2020-01-14,Dengue,Chennai,23.36524273957315,68.9913611435207,4.887095892725455,106.54952823024783,0.7578208907576366,7
2020-01-15,Dengue,Chennai,31.835436184565218,37.15995771197978,7.609221320685238,105.85687400034463,0.5610200174387923,15
2020-01-16,Dengue,Chennai,25.512596314383824,63.16016663647321,5.0553017991961795,95.21372558042506,0.4686717143393214,13
2020-01-17,Dengue,Chennai,27.850535438585702,70.39572406400143,9.040237935922987,91.90189739520704,0.5992363014044023,8
2020-01-18,Dengue,Chennai,31.01672213691986,72.1759157979305,3.592556839415196,97.90406118947686,0.4043983314633922,11
2020-01-19,Dengue,Chennai,22.303600275272608,55.90366102510028,2.2802639809428777,102.66663526544053,0.6532392253429791,11
2020-01-20,Dengue,Chennai,19.477377306005064,52.204230332642986,3.1255442669129634,90.3913657531625,0.4665133475024318,7
2020-01-21,Dengue,Chennai,25.560300293431236,57.44617067646678,3.165446591024155,68.90008354727667,0.51547749470828,10
2020-01-22,Dengue,Chennai,22.072380241068004,75.5364179660784,2.151803333504171,129.48573097256087,0.6654684661450593,12
2020-01-23,Dengue,Chennai,24.850574104520273,53.808850719732916,5.893280752755192,64.20688489931669,0.46480555115663386,10
2020-01-24,Dengue,Chennai,24.98399058749001,58.41231174218643,0.0,104.80683300193066,0.7083648814983288,12
2020-01-25,Dengue,Chennai,21.195935465070797,51.70854172838484,9.964935127209756,79.4358130411516,0.6393144233072618,16
2020-01-26,Dengue,Chennai,27.123255806366426,59.37533224105732,6.897223217166562,104.58831674440094,0.5088580548919851,9
2020-01-27,Dengue,Chennai,24.076643149960564,58.41101578023797,6.991211641664063,105.15212190642927,0.6085202669654278,15
2020-01-28,Dengue,Chennai,27.0748620428526,77.86148455106442,7.414409536201416,103.95380018930311,0.6548926319157948,15
2020-01-29,Dengue,Chennai,24.78950286562406,48.39039066484008,6.288854657397757,93.11531530744666,0.47223013805093345,12
2020-01-30,Dengue,Chennai,19.142539380967953,62.2050093419996,6.07257873151166,81.19095873350732,0.4770396111142522,15
2020-01-31,Dengue,Chennai,28.387208312605427,64.19584226291008,3.6036494527878395,103.29776118853582,0.731566189660271,8
2020-02-01,Dengue,Chennai,21.177793045140028,79.14040461002769,2.4326757517622863,131.12817510404875,0.7539993426093125,15
2020-02-02,Dengue,Chennai,18.759947317459297,52.15859115910037,9.001578859282144,94.76722598443705,0.6153605961523151,13
2020-02-03,Dengue,Chennai,28.095533618405906,50.14439626963028,5.801150797607777,103.34446193435156,0.4931837899014535,14
2020-02-04,Dengue,Chennai,25.768484375301473,64.80118389711134,6.922711548227708,87.42129943392364,0.42801188229898846,11
2020-02-05,Dengue,Chennai,24.927168160324175,59.44776000871238,0.1837730264463131,98.51780210656906,0.5593149535902543,16
2020-02-06,Dengue,Chennai,25.8609218753618,44.147823564345614,0.0,85.50392135086196,0.7411287286767606,9
2020-02-07,Dengue,Chennai,19.19896509667732,52.926041683536255,1.788265760968498,100.23934854685719,0.7799844735800902,13
2020-02-08,Dengue,Chennai,24.502830840560154,56.74415156982539,11.92916826621856,80.04154629680002,0.46681357843683013,12
2020-02-09,Dengue,Chennai,24.552432520723844,58.40586588548997,3.570866897091898,98.95959062197961,0.7322570071002499,18
2020-02-10,Dengue,Chennai,24.615365421714667,59.9886003272143,6.4056904801145675,97.62284666238195,0.6519111691984613,15
2020-02-11,Dengue,Chennai,29.261512743969565,59.29253706250524,2.502933280687314,97.07123334579606,0.7263332499962472,14
2020-02-12,Dengue,Chennai,29.134824359007172,71.83585745201083,4.6008257459867945,106.88518176554444,0.5564679064321519,17
2020-02-13,Dengue,Chennai,24.792932455011318,63.124213357297485,5.3754640911886655,93.4446776540697,0.5125563842310108,14
2020-02-14,Dengue,Chennai,27.65230250967754,55.49316208594673,2.477273605856435,89.87582888174926,0.48807328077992457,13
2020-02-15,Dengue,Chennai,25.12981508423287,75.3047342043583,5.454108423711129,102.94195478685734,0.6648448040426258,16
2020-02-16,Dengue,Chennai,20.08181119700783,69.6254855264754,5.720068213055138,94.58331480565887,0.6633807338633702,9
2020-02-17,Dengue,Chennai,24.201287403515625,62.313639416126975,1.4933112027748403,78.86228473714588,0.7720361402038955,12
2020-02-18,Dengue,Chennai,29.14647697311258,71.48709887589642,4.498645759049437,92.20070529649985,0.5340475417036568,15
2020-02-19,Dengue,Chennai,26.106019926618703,61.06661187672639,5.086234468804452,109.17677793910948,0.40255434868673345,9
2020-02-20,Dengue,Chennai,22.02645907116985,66.54407276961692,4.336408004822603,92.84581325337088,0.5133371793062327,15
2020-02-21,Dengue,Chennai,26.614067064390532,65.47954050283106,8.626945832319397,68.37758627904577,0.772811242204007,14
2020-02-22,Dengue,Chennai,25.526637489671526,69.08512348377427,4.440882816910725,83.9300126503943,0.6832688354581127,14
2020-02-23,Dengue,Chennai,24.298027999293506,83.46806040086969,3.240355734435971,118.66206882688178,0.6590294573607631,13
2020-02-24,Dengue,Chennai,29.69657208770302,64.34249738927012,3.334401419920405,118.21735604160885,0.5094506665126664,13
2020-02-25,Dengue,Chennai,20.65595829875127,43.01194043379918,6.320043350159997,82.46918663471084,0.6774728903125955,13
2020-02-26,Dengue,Chennai,26.391171572171295,70.7781689088114,3.547072458240895,84.68063725599758,0.7472217290129172,17
2020-02-27,Dengue,Chennai,26.950603533875984,64.00824136220618,10.539910988142998,73.94872850510771,0.5590377591851178,18
2020-02-28,Dengue,Chennai,19.459682696585794,59.33330587489894,8.490456374093778,76.0600170884659,0.6983348048123857,12
2020-02-29,Dengue,Chennai,25.222618641400466,62.705973972696476,7.851508265847874,84.85536257546056,0.5892839626766229,17
2020-03-01,Dengue,Chennai,23.74323964225436,60.18226737015161,9.879558415099046,52.78057520152198,0.4071447569913278,14
2020-03-02,Dengue,Chennai,24.515122763612588,51.587253289817134,0.7216234019921091,99.09247635917184,0.6233650690332793,18
2020-03-03,Dengue,Chennai,26.333965557000877,55.04644636075983,7.672214251324672,64.23309564357552,0.5732986995886623,10
2020-03-04,Dengue,Chennai,23.64308104225277,40.76120673371044,0.24829152954283007,101.40621984216446,0.677992754450617,10
2020-03-05,Dengue,Chennai,27.819544310589063,73.46013544671268,4.029931363141374,90.71405327721527,0.5929425526206367,13
2020-03-06,Dengue,Chennai,28.55024274861756,58.392927517428646,8.06942361406168,91.37378608040645,0.4330034137761685,13
2020-03-07,Dengue,Chennai,20.843884402990803,53.926804866536884,7.757908609123265,98.28786127887577,0.4164733981117087,10
2020-03-08,Dengue,Chennai,25.631703932885756,73.80296249253249,9.427559841461854,112.85526299160907,0.5195343545349256,17
2020-03-09,Dengue,Chennai,25.438744023456568,70.22120357255079,6.554200831535274,109.61979955710157,0.5937593790296163,13
2020-03-10,Dengue,Chennai,31.467654726473388,76.72239246758393,4.697531029444376,112.4784725829762,0.41630164243698914,19
2020-03-11,Dengue,Chennai,30.056944904257495,60.397045558061535,10.196645757456944,106.12624231553946,0.591711571430515,12
2020-03-12,Dengue,Chennai,21.905271259389526,59.7070176245378,6.856059643543717,106.93986656309251,0.5992782865812556,11
2020-03-13,Dengue,Chennai,26.517973329878604,45.02588656540493,2.469880536381858,89.7967567792881,0.5613045444495328,15
2020-03-14,Dengue,Chennai,28.273138306494,63.89266570919304,7.7986372529858645,103.09737822928723,0.5701973337792302,13
2020-03-15,Dengue,Chennai,27.621349122880346,72.68123835134716,14.314602285400165,95.21103954963493,0.60559834712349,18
2020-03-16,Dengue,Chennai,30.051783074373606,60.4111573713106,8.236042500293888,89.42237295748939,0.7602807456045034,15
2020-03-17,Dengue,Chennai,22.335367733658256,51.369603414488786,2.982531580609148,55.72770641511642,0.7343992255124838,10
2020-03-18,Dengue,Chennai,26.20487651647442,58.14389718918192,5.971400382817835,85.62765031509764,0.596911142579214,15
2020-03-19,Dengue,Chennai,24.529808805332422,75.6240150987512,0.0,93.52799743282051,0.637180340573971,15
2020-03-20,Dengue,Chennai,21.02477058719186,75.73052159003127,8.141027523929942,85.57106650938465,0.4036121616518201,10
2020-03-21,Dengue,Chennai,23.596896396064327,68.46503881730716,4.859238263362448,97.15561240834683,0.4944201853385856,12
2020-03-22,Dengue,Chennai,19.243975728904548,58.42227239444312,10.853102894060056,81.15032114378334,0.4583026272979007,14
2020-03-23,Dengue,Chennai,26.946772631520986,51.0800366281199,2.484837526646344,97.80996630801313,0.4670476865153271,18
2020-03-24,Dengue,Chennai,20.089825026101977,77.05691460081431,9.484065726093139,92.66633840370604,0.6821542376448815,17
2020-03-25,Dengue,Chennai,28.090850362095527,67.38789159026514,4.222873562537891,87.05475226372532,0.5078998446067959,11
2020-03-26,Dengue,Chennai,24.03513059186211,60.48994969870073,5.447531781034807,82.8347978115869,0.48988047078907204,14
2020-03-27,Dengue,Chennai,24.43001683845286,69.48390293615861,3.2337093913796124,90.13937628796369,0.45933728038483557,14
2020-03-28,Dengue,Chennai,30.91500625138545,62.86864663332679,5.203260718286488,96.00171711972325,0.5016898319589973,11
2020-03-29,Dengue,Chennai,26.28361203157116,44.12110965399391,2.8019474262271427,97.58140719937226,0.4753396335062406,16
2020-03-30,Dengue,Chennai,23.128693117912583,84.14031353866787,4.42795279770996,93.26149309769585,0.6770503808904658,16
2020-03-31,Dengue,Chennai,24.84511458312319,66.96582073487738,5.551313403869126,92.50154429394776,0.7074077458095165,17
2020-04-01,Dengue,Chennai,26.85408613295086,66.41036655822565,6.517819509601172,104.85530116556261,0.6308740946846993,11
2020-04-02,Dengue,Chennai,24.80758496022102,68.2876241030348,5.964071646350819,96.32881131352927,0.6268065043946671,18
2020-04-03,Dengue,Chennai,25.907196532714675,57.14646857487947,7.704423889843358,87.91706119207993,0.7511564636165311,16
2020-04-04,Dengue,Chennai,28.869269585126123,62.38600075044877,5.361499876367903,74.56988500306375,0.4023034641992487,10
2020-04-05,Dengue,Chennai,21.165932249690872,48.56259284411942,2.344509503000457,113.28842723234463,0.5794774490490123,10
2020-04-06,Dengue,Chennai,18.546311146387993,82.68298308396771,5.125067111395825,86.51401340249292,0.46737775405708787,19
2020-04-07,Dengue,Chennai,25.00834711276474,81.20429645104073,6.867190611569864,90.87602208154001,0.7388669445490297,14
2020-04-08,Dengue,Chennai,25.268824479782825,53.18606016701199,4.550036325800823,65.48556996555348,0.5577461295273402,16
2020-04-09,Dengue,Chennai,26.78426302499586,73.53415558780307,7.276785769360295,94.21787135954064,0.4973929186305197,12
2020-04-10,Dengue,Chennai,22.73810623339997,62.19324923133226,0.0,88.52490559807875,0.5139491607847692,12
2020-04-11,Dengue,Chennai,22.513215757402236,66.63477479167453,2.8494013389272266,113.38019865133474,0.7906900954650316,19
2020-04-12,Dengue,Chennai,24.597195689927467,63.4077612190329,2.092401169058702,98.26555953363805,0.6100653534668241,16
2020-04-13,Dengue,Chennai,27.846819969512783,58.37887483175591,2.532135753532697,87.74487116128644,0.7262994574017124,17
2020-04-14,Dengue,Chennai,21.994695164306037,65.6847136852867,12.638145000213425,96.19584800679274,0.7174975401522066,19
2020-04-15,Dengue,Chennai,23.611152803723922,54.18580371254596,5.529533828488234,93.98105742522806,0.6226548231746869,14
2020-04-16,Dengue,Chennai,28.209551496103117,55.87051926975991,6.30666754512444,103.383954905552,0.7238119903073768,12
2020-04-17,Dengue,Chennai,22.493958840220728,86.45149127773388,1.4372047429114616,94.64731065340541,0.6947494979776729,11
2020-04-18,Dengue,Chennai,32.40415654668948,46.07815751176333,3.3575289290035677,75.93330249195134,0.492098467371148,16
2020-04-19,Dengue,Chennai,20.38915611992104,67.67751224364463,9.378480810150565,64.7203359185709,0.5987067435436678,11
2020-04-20,Dengue,Chennai,27.00094121031448,49.50468730421488,3.1465619622301535,118.44741574694342,0.5783163658308916,18
2020-04-21,Dengue,Chennai,26.706949237555826,81.28396623128538,3.862616777037539,86.94629459846458,0.43426329983857226,10
2020-04-22,Dengue,Chennai,20.105497535847505,80.80954294903202,0.6884997177731229,71.66643304386653,0.6468623133582587,10
2020-04-23,Dengue,Chennai,26.48014990123457,74.6540797443538,5.588502636736186,80.9716918319815,0.5084589746000739,17
2020-04-24,Dengue,Chennai,26.387879006143308,86.1785594962589,1.4821902294160516,71.49797848079842,0.667794782079276,16
2020-04-25,Dengue,Chennai,20.501237631391202,51.703566977606926,4.963165168663048,91.70100094908906,0.5334278197888802,15
2020-04-26,Dengue,Chennai,26.674980737565168,65.76005391412411,6.616267977339108,76.1898961038095,0.48037347546362263,19
2020-04-27,Dengue,Chennai,24.6663218159539,55.960923585352106,2.7934101722307005,108.54139762815656,0.6659646897948872,13
2020-04-28,Dengue,Chennai,17.993281827500116,60.007027604280026,2.7401053269843274,101.839734177819,0.6686233774452149,13
2020-04-29,Dengue,Chennai,22.75246227811261,67.25342753689067,3.417592029158431,95.42514878135482,0.7304270521010114,15
2020-04-30,Dengue,Chennai,24.12758175956789,60.921769139314556,1.529750988991832,66.93229011106695,0.5385287074356014,18
2020-01-01,COVID-19,Coimbatore,28.93021928331356,65.39163904361858,5.5799920008582005,88.55590037696855,0.7493346646895391,18
2020-01-02,COVID-19,Coimbatore,24.98178726538032,73.38490774451643,5.245488075642695,88.51665520213287,0.5522493173906321,20
2020-01-03,COVID-19,Coimbatore,30.32263751241406,67.60265558367726,3.915842698454486,83.24848299464664,0.7274940016297081,17
2020-01-04,COVID-19,Coimbatore,27.136814468517635,66.20225633434212,2.8334560762190835,129.4381894695041,0.5254910764776385,13
2020-01-05,COVID-19,Coimbatore,29.17062264705194,70.57810306351863,5.031057859530142,70.32245651474761,0.5594652111089253,21
2020-01-06,COVID-19,Coimbatore,22.60138323630195,68.51547958825888,7.852388901008444,39.1735787601541,0.4930205433461521,16
2020-01-07,COVID-19,Coimbatore,22.181993818543738,63.55912444278385,1.3709157714766773,98.99893094994307,0.6478351819591319,19
2020-01-08,COVID-19,Coimbatore,24.359671387209374,79.90726136849952,5.446002371606335,84.94371043322941,0.7934715701053655,15
2020-01-09,COVID-19,Coimbatore,22.87262084529426,73.54460626794695,6.645589575604322,76.16350970982782,0.6472206697148745,16
2020-01-10,COVID-19,Coimbatore,20.397104120846624,74.12435249259167,6.498580955286226,124.33023103196508,0.5704333535561487,17
2020-01-11,COVID-19,Coimbatore,24.614477557432583,74.89369438282131,3.478676317602175,72.43437218736219,0.5656519010115708,19
2020-01-12,COVID-19,Coimbatore,27.63593052917813,72.62198400792211,4.910328578293101,87.38529442447879,0.5925376606541295,19
2020-01-13,COVID-19,Coimbatore,26.160895896563627,78.67657331470147,2.0196313218299675,98.69098858761005,0.6475792772030886,18
2020-01-14,COVID-19,Coimbatore,26.248709100782786,75.7618332133032,4.632959292076684,83.47265103217872,0.5063404546617254,18
2020-01-15,COVID-19,Coimbatore,21.42082013526929,64.59911487343446,8.504653165450595,77.05641991874252,0.5904072517475066,22
2020-01-16,COVID-19,Coimbatore,28.035709935480234,68.21052333332165,6.483787244963295,88.25014185251594,0.4532580016712388,14
2020-01-17,COVID-19,Coimbatore,26.395136383045546,66.66652828563514,5.975530389587192,87.49913950369742,0.5012233731203138,21
2020-01-18,COVID-19,Coimbatore,31.471924639796512,58.94285076996662,7.2262861160279215,94.48938870609737,0.6546678728668829,14
2020-01-19,COVID-19,Coimbatore,25.0960124471973,57.46582129653817,6.379916428817349,79.8342694537184,0.6048887683250699,18
2020-01-20,COVID-19,Coimbatore,27.379169141972287,77.277522598193,4.630958229929268,91.41269162520614,0.4142283468142194,17
2020-01-21,COVID-19,Coimbatore,22.59252180036506,77.98811324847053,2.057247671119107,70.0812289246909,0.7098614124724728,20
2020-01-22,COVID-19,Coimbatore,23.167330325294234,76.94531874506444,8.732101844404585,56.95259308761207,0.732213782561936,21
2020-01-23,COVID-19,Coimbatore,27.98814305741745,57.43204911430539,0.7345679997744687,112.5200047793323,0.48227490487822205,14
2020-01-24,COVID-19,Coimbatore,22.41584889292977,56.19538035177594,7.886598063785352,89.2071006856305,0.5288862013778514,18
2020-01-25,COVID-19,Coimbatore,29.36685607024335,82.99271575019,7.237403753181211,98.90143759790413,0.6625914429326011,24
2020-01-26,COVID-19,Coimbatore,26.670462522324996,62.89629841438954,3.215671236333013,70.78053489784718,0.5728307531776784,24
2020-01-27,COVID-19,Coimbatore,26.738327718601784,66.47699325226777,3.5485666053767106,85.02815553413042,0.47898819594397496,15
2020-01-28,COVID-19,Coimbatore,20.978340459988516,74.130002202743,5.912378512009428,93.98847719720773,0.7386057354761113,23
2020-01-29,COVID-19,Coimbatore,31.3868396672368,71.88678023685426,6.11748712937,113.98683502724063,0.47223783927012036,20
2020-01-30,COVID-19,Coimbatore,22.514611693096814,74.09340018105375,10.189673463559506,94.50288243900292,0.44317748585858574,19
2020-01-31,COVID-19,Coimbatore,27.438068276931986,70.7791051379151,5.0914365507969945,67.62095780292938,0.7362812112044801,20
2020-02-01,COVID-19,Coimbatore,31.90123025634091,75.75433063105038,0.0,91.17644098527964,0.6260087971436065,21
2020-02-02,COVID-19,Coimbatore,28.005856803375302,67.05026687061878,1.4205360617037996,86.50659880144352,0.6232169300595869,22
2020-02-03,COVID-19,Coimbatore,27.48536354708532,55.73286897507818,8.863947421405815,83.65782058371686,0.48161425385155954,24
2020-02-04,COVID-19,Coimbatore,27.2776329997595,70.83886294375313,9.633578011034281,104.1779059052039,0.5501039617770666,23
2020-02-05,COVID-19,Coimbatore,24.597948499981246,65.14688194729197,2.64530506075328,99.72420650765788,0.7832293920477521,23
2020-02-06,COVID-19,Coimbatore,28.379100582986815,72.84033180465104,4.681814272885884,108.32995681460253,0.6008200853953789,24
2020-02-07,COVID-19,Coimbatore,22.548443600173012,44.05879372336223,6.7671708422176025,95.08080754304453,0.6372177336747137,20
2020-02-08,COVID-19,Coimbatore,23.818055910092735,60.8817384568108,0.6663276694256082,65.08080760083348,0.7497049882440951,18
2020-02-09,COVID-19,Coimbatore,25.379347068470388,58.12062612536173,10.583946791709185,118.29921969134115,0.6413950666385819,17
2020-02-10,COVID-19,Coimbatore,29.81835847549388,80.62459506862115,2.022971480375448,95.78826574626488,0.6781662593312213,25
2020-02-11,COVID-19,Coimbatore,27.84347740851165,71.82034450043926,0.0,102.01404959444193,0.4589810106825136,22
2020-02-12,COVID-19,Coimbatore,22.367072740721277,72.82493494700621,3.2520893771016453,87.43126236844371,0.7205467663278077,24
2020-02-13,COVID-19,Coimbatore,25.56954350863739,70.76758066193072,10.585417351008894,73.84964746162305,0.7142606472320928,21
2020-02-14,COVID-19,Coimbatore,25.911340928471517,51.23308459361918,7.153970929748512,115.13321090316728,0.6345916368754828,21
2020-02-15,COVID-19,Coimbatore,19.31210547607813,66.70298362162394,8.098891841458418,87.07582187356563,0.7367734267167235,20
2020-02-16,COVID-19,Coimbatore,16.85767809852674,57.00501666836513,5.469134368754833,94.97957600930224,0.6524682583826826,22
2020-02-17,COVID-19,Coimbatore,24.177314928836406,55.00687242349863,4.838766473092624,102.19435668548473,0.40536105057286625,23
2020-02-18,COVID-19,Coimbatore,24.69953777056014,62.96326249823034,2.3660522397303168,77.5967946894021,0.7625018322084147,23
2020-02-19,COVID-19,Coimbatore,24.8004144473439,67.4527783777843,8.480665710755718,86.41054834800872,0.5072556080382054,24
2020-02-20,COVID-19,Coimbatore,23.421765903364125,64.85980461742412,5.30493286306853,73.03460412762085,0.5644382410402826,22
2020-02-21,COVID-19,Coimbatore,24.547493138180332,62.6300082893984,6.053866428273625,115.34840184939435,0.45119528341343457,22
2020-02-22,COVID-19,Coimbatore,28.479373735867917,61.23085774586104,6.62739158450071,108.81535302859069,0.5977924525180373,20
2020-02-23,COVID-19,Coimbatore,27.38279403886548,52.45710576830751,5.880673796499888,69.65127293064893,0.5855729946753345,25
2020-02-24,COVID-19,Coimbatore,23.177963203703634,81.29323336618026,5.791683291362057,81.14282897183438,0.6180422113042799,24
2020-02-25,COVID-19,Coimbatore,24.113376279560352,66.52315513576625,6.138446171496522,117.17257218890275,0.43269013829871134,22
2020-02-26,COVID-19,Coimbatore,24.29007344340686,76.5029053091616,6.212771585040357,76.73976818161191,0.486436181274123,26
2020-02-27,COVID-19,Coimbatore,17.911202693374484,54.90269295290062,6.857462783015594,120.86243204567548,0.4249092423527543,24
2020-02-28,COVID-19,Coimbatore,24.092599485377946,56.85036015434557,0.0,89.45199975122084,0.7488542800089907,26
2020-02-29,COVID-19,Coimbatore,28.485801440368288,57.31635052685928,0.6616159023195136,91.42490627034456,0.7511320312608164,22
2020-03-01,COVID-19,Coimbatore,23.50750402478458,58.11496492072824,5.258218594981025,99.58174619172314,0.7002918027997389,17
2020-03-02,COVID-19,Coimbatore,27.64932933144148,64.22162802987198,4.458560259228123,137.8966135176729,0.44218947998265223,20
2020-03-03,COVID-19,Coimbatore,18.387887274246282,54.62546599286254,4.618605675044007,76.84222199067449,0.478243709217806,26
2020-03-04,COVID-19,Coimbatore,24.227379339814753,57.70545303890261,2.5663603584333554,104.01464618881847,0.5249396407542055,25
2020-03-05,COVID-19,Coimbatore,27.2961706425113,63.08178541793361,1.3426561660423504,91.76581826071366,0.6783596472675211,18
2020-03-06,COVID-19,Coimbatore,27.501422017478095,60.72244312953248,4.203359485944729,97.25138232171905,0.7934085890860889,17
2020-03-07,COVID-19,Coimbatore,23.7207189246605,65.8966225110826,9.068234440420124,78.08159208887169,0.7281510029795893,21
2020-03-08,COVID-19,Coimbatore,31.187574757729436,54.32467085745727,5.072658370018274,111.18330833123144,0.7868506461036682,23
2020-03-09,COVID-19,Coimbatore,26.10256690752811,58.837794465933925,6.1696604584171855,78.41445323528549,0.4372121945840109,20
2020-03-10,COVID-19,Coimbatore,26.738899519640725,68.25796316582166,5.5831529047320085,84.70250560783967,0.4749647776390329,25
2020-03-11,COVID-19,Coimbatore,25.505382928808842,78.17597535607959,1.9803723041610768,107.09817841693568,0.5884671595731259,25
2020-03-12,COVID-19,Coimbatore,24.72649264133144,42.59950101480497,3.5049128234226603,104.89032808369188,0.46950463725429753,21
2020-03-13,COVID-19,Coimbatore,23.204896569309344,81.41046629728959,5.747595628206969,96.32210174813855,0.4765041671658347,25
2020-03-14,COVID-19,Coimbatore,30.831630679325812,48.77088752548826,7.387109425099227,99.27995906220974,0.7374949305626898,19
2020-03-15,COVID-19,Coimbatore,24.047280403528788,58.24538555144222,6.408677508058782,74.90158513368146,0.7966970468671356,23
2020-03-16,COVID-19,Coimbatore,27.613891892371733,51.54020319753251,5.379138738639235,119.08393498587427,0.5221242706786926,21
2020-03-17,COVID-19,Coimbatore,26.541723548976744,66.79581781939598,6.051890297820678,97.33780695221495,0.7153789373013195,18
2020-03-18,COVID-19,Coimbatore,27.57777167499952,68.46177745832742,0.3173272917378043,68.57953750348852,0.4906921531694043,21
2020-03-19,COVID-19,Coimbatore,18.481991361957892,73.47421677150422,3.394015442138232,88.64200076543759,0.6959616483067721,26
2020-03-20,COVID-19,Coimbatore,26.62260766744404,73.84751054763314,8.00963959921707,120.8527833109653,0.6512952441853126,25
2020-03-21,COVID-19,Coimbatore,26.978141758560856,61.13523282748026,6.0185434514565195,80.31342974045147,0.6162793906579642,24
2020-03-22,COVID-19,Coimbatore,19.899385376355802,70.28303034666918,7.236212592036205,76.71126006061081,0.6395233185533966,20
2020-03-23,COVID-19,Coimbatore,21.405687810207347,52.268402307574675,8.715896144123363,91.72065927245953,0.5141161353429267,19
2020-03-24,COVID-19,Coimbatore,27.557054070683417,58.15481787783031,10.582053337611615,102.88965146540167,0.5009228999357627,21
2020-03-25,COVID-19,Coimbatore,22.217940597428278,67.38368982734785,7.925592889347289,97.51641254909768,0.751591560112907,17
2020-03-26,COVID-19,Coimbatore,21.63873202026515,63.90062284629816,2.0400830460813015,82.97125602134976,0.46823276462283603,21
2020-03-27,COVID-19,Coimbatore,28.66540165755644,82.495813052725,1.9567433684960012,101.7430536537202,0.6049455110183163,20
2020-03-28,COVID-19,Coimbatore,24.23023620945348,40.97246065100313,6.272702779135696,92.15008751409346,0.6402604266193423,23
2020-03-29,COVID-19,Coimbatore,27.720573085377204,62.84501797680131,7.419692530042998,93.0907427681927,0.4955426641607711,26
2020-03-30,COVID-19,Coimbatore,20.781047608984498,64.16894427371305,0.48583887790699354,101.40083945534404,0.4827970313753707,22
2020-03-31,COVID-19,Coimbatore,25.893763195779407,67.8873239471996,4.070353779068746,63.0861415423491,0.5754153954149742,26
2020-04-01,COVID-19,Coimbatore,26.132052108289688,63.19510211068366,2.662545044215108,87.08502681869507,0.6468266064471205,24
2020-04-02,COVID-19,Coimbatore,28.114718778597272,65.86367567073424,3.6925089772354633,91.03941090823335,0.6701680830188357,19
2020-04-03,COVID-19,Coimbatore,27.274318595552415,64.1278440158435,3.8912934414386564,73.14725692633756,0.6919441235393914,24
2020-04-04,COVID-19,Coimbatore,25.80137995303445,70.08725023229934,0.25642789390359955,103.42557471114173,0.729516153688518,23
2020-04-05,COVID-19,Coimbatore,27.432110966049983,70.35173471049099,7.455891985339695,71.92494718351459,0.7201419516093627,20
2020-04-06,COVID-19,Coimbatore,22.33555631281787,61.93118851312627,9.564195493495767,82.63593825192952,0.42840306581330223,26
2020-04-07,COVID-19,Coimbatore,28.403441560252958,56.87595001010236,10.346234954184443,74.02222973874831,0.6585800360498428,19
2020-04-08,COVID-19,Coimbatore,24.704235603147215,65.18849622944848,7.124643269769671,93.49824196895253,0.6450293873379277,19
2020-04-09,COVID-19,Coimbatore,23.162687876078685,68.61503525206102,1.568821378038015,91.62839558664784,0.40468264429236167,19
2020-04-10,COVID-19,Coimbatore,22.49213776125791,63.9712295590834,7.3947622142763345,87.06208769868243,0.7232090519626212,25
2020-04-11,COVID-19,Coimbatore,27.566380026047934,77.8732439015214,6.412935511120341,102.68402271700427,0.5719724309560593,19
2020-04-12,COVID-19,Coimbatore,25.24318861208097,56.95009339069712,5.787087140970988,105.7679101647906,0.49051164328569274,19
2020-04-13,COVID-19,Coimbatore,31.572475479618255,51.21470649956753,3.922932308432643,93.48192767788005,0.7558608132070266,26
2020-04-14,COVID-19,Coimbatore,24.182716896267127,64.25089155344982,6.73051450362378,54.124175134308096,0.6046725546326047,21
2020-04-15,COVID-19,Coimbatore,23.78734896407917,66.29411258275597,5.682959847893913,58.26120006793512,0.5515641112235258,19
2020-04-16,COVID-19,Coimbatore,23.313495920265094,62.90778126255472,0.0,77.91194900255717,0.6708482558940038,21
2020-04-17,COVID-19,Coimbatore,28.66636990711916,66.11172160289536,9.543910719741074,120.53517478558135,0.44210367407880496,17
2020-04-18,COVID-19,Coimbatore,24.862089976248566,53.53335285479096,5.01647765073018,82.86442104403204,0.785606962847081,20
2020-04-19,COVID-19,Coimbatore,24.657136133194342,63.42702574799097,4.554417342915102,101.04584205276896,0.5581737071971657,22
2020-04-20,COVID-19,Coimbatore,24.223611811998694,80.98647170504717,6.682758343823716,85.56779522956259,0.44645558408021024,26
2020-04-21,COVID-19,Coimbatore,23.575679063548876,42.132820517845055,5.377253517606261,89.78702963382992,0.6181524484873211,20
2020-04-22,COVID-19,Coimbatore,32.89877331078955,46.94394527093233,3.451273738972519,79.85242317826297,0.7354196859611313,19
2020-04-23,COVID-19,Coimbatore,21.809793980287147,56.26590365912192,1.215635499034673,77.0244116047651,0.786566954346563,23
2020-04-24,COVID-19,Coimbatore,21.275151340611917,66.66265645900734,5.973199915363733,84.63133364428256,0.4829236012750232,17
2020-04-25,COVID-19,Coimbatore,22.293741202444775,75.60642930486165,8.196042879624892,80.48485341246482,0.5845782047549251,23
2020-04-26,COVID-19,Coimbatore,23.60406862965984,63.94051645695864,12.933030041051104,67.4554450740727,0.4910998944412839,21
2020-04-27,COVID-19,Coimbatore,19.934313049630948,76.42160028252862,3.363662003180769,89.26449939849783,0.6983440154508048,23
2020-04-28,COVID-19,Coimbatore,25.807380823735322,61.5680772450259,6.864715669568152,84.45584495934548,0.7776168375301592,17
2020-04-29,COVID-19,Coimbatore,25.05634091294935,71.53711880256193,5.651642928942031,84.80050224763767,0.5967724400422917,23
2020-04-30,COVID-19,Coimbatore,20.655830883877933,56.572574099850584,6.919361995386612,79.12096533058393,0.5546162027292112,25
2020-01-01,Dengue,Coimbatore,28.168170427198156,67.23238914129159,4.835317998151141,94.28331112286486,0.7310075688425213,26
2020-01-02,Dengue,Coimbatore,24.68004612569081,78.90427474406383,1.930316701570106,78.08360919796979,0.5247596320017123,25
2020-01-03,Dengue,Coimbatore,26.780670166842587,35.59611365335719,6.967702329589283,92.92104292078162,0.4076464377719056,28
2020-01-04,Dengue,Coimbatore,28.37233815995804,74.47526462122858,2.6813669965291727,96.10578430686803,0.5197582353486725,24
2020-01-05,Dengue,Coimbatore,28.642808951377837,56.32000000461453,9.34080061459867,92.11408328387155,0.7962184131080534,24
2020-01-06,Dengue,Coimbatore,27.85937513612826,70.13085420097293,7.175287360543992,97.74267430672438,0.6961904527814077,27
2020-01-07,Dengue,Coimbatore,26.40017640277631,69.85962282927271,6.0475176209355705,100.06555519019709,0.4417616518992326,29
2020-01-08,Dengue,Coimbatore,22.539276011653897,64.75972141919397,0.07920008232405173,65.51162395511861,0.42640393765609663,25
2020-01-09,Dengue,Coimbatore,31.328333783927377,72.84600318436708,10.175351996775717,100.08090778640651,0.40243549929593564,25
2020-01-10,Dengue,Coimbatore,19.319155999138644,67.13293707372938,5.003616426086673,77.74367053397714,0.7178062177962995,28
2020-01-11,Dengue,Coimbatore,20.177320406893077,57.37275221433786,2.6925729506381053,75.90145348336704,0.7213930973187539,30
2020-01-12,Dengue,Coimbatore,27.488424525795246,63.06173861227197,4.206455476068168,59.9420645338987,0.4904115991263999,32
2020-01-13,Dengue,Coimbatore,23.780613336311916,51.17133022745775,2.894877205625375,98.75382704959908,0.6879165813418744,33
2020-01-14,Dengue,Coimbatore,30.401533544532562,77.38946352939438,5.628978245823877,82.62545721551929,0.49677267212621185,27
2020-01-15,Dengue,Coimbatore,21.746398620123845,54.837508255417504,1.978448918581881,92.51588733076831,0.7667166762809341,31
2020-01-16,Dengue,Coimbatore,24.923277063424017,47.30924095110882,2.915860606732825,83.86076342830344,0.6518230787566947,32
2020-01-17,Dengue,Coimbatore,22.532740202853397,76.21030667324472,5.000621194754591,89.86049518292079,0.4187407634110413,29
2020-01-18,Dengue,Coimbatore,24.016315850461247,66.55190683858979,7.475294794002904,76.9930467643365,0.5265080598917228,32
2020-01-19,Dengue,Coimbatore,20.962387229580354,56.807421402785025,3.571337379366023,103.11583771069091,0.715572988710403,26
2020-01-20,Dengue,Coimbatore,27.552693886503917,63.62628211600603,6.171394549786669,88.45167370601256,0.43571580981022917,33
2020-01-21,Dengue,Coimbatore,25.23504600688778,59.451282872292424,2.4727985523896097,96.15713765841684,0.5016925534994783,28
2020-01-22,Dengue,Coimbatore,25.26597277288431,66.97315707405596,3.1470443136969495,85.25890715959426,0.7127295453379743,28
2020-01-23,Dengue,Coimbatore,24.581661172957002,60.498107351485885,5.001583876569792,99.01810123393672,0.5730916544078819,25
2020-01-24,Dengue,Coimbatore,28.812098755276573,71.30815849144619,5.659751451817803,70.10857411429716,0.5663190002749801,26
2020-01-25,Dengue,Coimbatore,26.866621432130206,53.61166882219231,8.117335362260807,88.8635357019681,0.48629627167058165,31
2020-01-26,Dengue,Coimbatore,20.338723701951807,73.17889658025028,6.129228578292549,76.46922668463735,0.6954389832529323,30
2020-01-27,Dengue,Coimbatore,21.431764321398017,81.42672953255963,2.298137796056394,99.57587888412574,0.7560860010544698,27
2020-01-28,Dengue,Coimbatore,28.006255649771227,70.17196834539014,5.689616624371814,112.1982914987076,0.4399467284544713,34
2020-01-29,Dengue,Coimbatore,24.314200253979944,55.056506253914876,0.0,87.13458356099747,0.6123750713648376,30
2020-01-30,Dengue,Coimbatore,27.742065877654614,55.51555127243864,9.235629556683582,81.73633226167719,0.5819675558030348,25
2020-01-31,Dengue,Coimbatore,26.315427216429182,65.1961665769399,7.01858370790046,98.87721200612067,0.4480828916482305,30
2020-02-01,Dengue,Coimbatore,19.33652548224894,57.74866906483639,8.732161687586558,77.64961193132366,0.48930535420207855,33
2020-02-02,Dengue,Coimbatore,27.966007508074007,51.485542351080284,7.010659691832016,100.15449581009307,0.5831983036014287,30
2020-02-03,Dengue,Coimbatore,25.936208793384903,66.49931670063391,3.1401974377853117,126.11066375896829,0.42388659558835573,34
2020-02-04,Dengue,Coimbatore,25.45485648208189,65.25426702611635,5.563407643673266,66.0942447697345,0.6603829340472291,30
2020-02-05,Dengue,Coimbatore,21.21950570448226,58.83638591960523,3.874410859028189,85.23427354865649,0.6489654566263987,34
2020-02-06,Dengue,Coimbatore,21.588575858391334,55.60594216199483,5.064146633314118,95.66591493482453,0.7625683855657748,25
2020-02-07,Dengue,Coimbatore,26.915553581783456,62.632313970359405,4.211063588657966,62.46433088938469,0.7560564549584059,34
2020-02-08,Dengue,Coimbatore,28.343548852655378,76.13948633215661,4.985526134284609,101.59520043380716,0.4921003682842059,33
2020-02-09,Dengue,Coimbatore,20.177016918645826,66.84740578895725,11.070818657688918,90.10199766839996,0.4304956871894258,31
2020-02-10,Dengue,Coimbatore,21.077276848326996,66.91660891734783,11.86684246913962,66.64854981181914,0.7455846322940041,33
2020-02-11,Dengue,Coimbatore,26.343585243255383,68.71094051313922,5.14388433794464,94.97765794887773,0.5038167132704362,34
2020-02-12,Dengue,Coimbatore,22.53270526823541,78.16958836686703,2.4901162121281066,113.74838294538759,0.7811587183991311,27
2020-02-13,Dengue,Coimbatore,23.075539272867072,69.87872284871074,10.413044329360229,87.13644312409052,0.49893612632763334,26
2020-02-14,Dengue,Coimbatore,29.45760482655305,62.7942753251916,5.9180431940536895,105.8199946806478,0.7341631323368504,29
2020-02-15,Dengue,Coimbatore,26.855465141369425,62.925224773161275,6.885875698523649,70.95907190076593,0.48883034827732824,33
2020-02-16,Dengue,Coimbatore,26.408715455045296,72.14103499720093,4.5385219184049,76.9060548489065,0.41166790545810583,28
2020-02-17,Dengue,Coimbatore,35.487633368800296,50.365940415733114,11.770254189302353,85.3886483310261,0.43628868089397244,28
2020-02-18,Dengue,Coimbatore,24.746311002568575,58.27721727812401,7.348511494213676,68.40338680334874,0.7969769157499116,29
2020-02-19,Dengue,Coimbatore,19.479012891297483,81.10171529378607,2.5880828035790664,101.19132179309527,0.7825280373550111,31
2020-02-20,Dengue,Coimbatore,23.77889106121966,71.86318456956701,5.317683359345702,98.76619470708727,0.5746456759075065,28
2020-02-21,Dengue,Coimbatore,19.52667733997061,57.383540938619646,4.4546741723512,92.60012135570331,0.5720411506119201,32
2020-02-22,Dengue,Coimbatore,29.233152703177673,60.945899923862214,3.9173257417261786,37.92855162092426,0.4818720436229136,33
2020-02-23,Dengue,Coimbatore,23.347836412913466,54.737803612549726,3.901305382045215,96.65820345326154,0.42846331406937316,30
2020-02-24,Dengue,Coimbatore,27.031479136197362,61.346370092272686,2.289969541109006,88.66161820625004,0.7306987072104989,30
2020-02-25,Dengue,Coimbatore,28.11114186621979,72.40590868103047,2.143463579781952,96.33982598252406,0.7503532334068228,33
2020-02-26,Dengue,Coimbatore,24.498411570782945,71.66166065471663,10.007686263920906,126.51612949856522,0.6361724359290774,32
2020-02-27,Dengue,Coimbatore,29.100509381816337,56.55720981477005,3.253665218628716,81.17942132311687,0.4040362426756099,30
2020-02-28,Dengue,Coimbatore,27.03811984886951,53.51205964841344,6.998937502727635,96.93886939280927,0.5690516788054437,28
2020-02-29,Dengue,Coimbatore,22.438180874836924,55.7647460823127,3.924172041627373,77.63911737691483,0.7998175674876378,30
2020-03-01,Dengue,Coimbatore,29.37919562511382,47.798974490521815,3.204722193969319,93.42864791276845,0.6177987836415461,36
2020-03-02,Dengue,Coimbatore,19.754855031577407,66.33093735136784,4.025679580162475,124.50593464027756,0.5446841019438323,30
2020-03-03,Dengue,Coimbatore,22.22650837223319,68.30166841192967,9.370129850185382,94.67721275215891,0.683395878997119,29
2020-03-04,Dengue,Coimbatore,26.820169177408548,63.168033812796125,6.603516945441651,103.31483138810754,0.685730654293999,32
2020-03-05,Dengue,Coimbatore,25.690212277574208,69.97743089091394,6.997772756163384,96.32379915921683,0.5096286357368764,35
2020-03-06,Dengue,Coimbatore,23.32509473816191,53.99845767028305,6.318503691860679,101.6840475526817,0.6908227046461561,33
2020-03-07,Dengue,Coimbatore,19.358670834625485,69.93172003201721,8.874210644648024,39.1977935776755,0.5548949084712385,30
2020-03-08,Dengue,Coimbatore,24.118099157007453,64.28400748141934,0.4463787599575717,84.64456198790086,0.6819484040173527,29
2020-03-09,Dengue,Coimbatore,25.91922956495564,83.42479044567212,0.0,110.24609294325937,0.5235337696029364,32
2020-03-10,Dengue,Coimbatore,26.26163532768436,61.970444620156826,6.740159745344426,105.16614686326618,0.6500116744340823,28
2020-03-11,Dengue,Coimbatore,26.129722045417374,73.09857841637026,3.0518249187687645,101.58142183462934,0.6499496398427996,29
2020-03-12,Dengue,Coimbatore,20.963545491243334,71.820595085768,3.82305569379829,83.66230898366935,0.4079182633389018,31
2020-03-13,Dengue,Coimbatore,21.911885475453786,51.47329714156466,0.4329224413463262,106.69032562484888,0.6930796202361122,31
2020-03-14,Dengue,Coimbatore,23.392595610843106,47.92642042407053,1.6504266801540224,108.53717430010408,0.4226342624586863,33
2020-03-15,Dengue,Coimbatore,25.480054677558364,70.01782736167544,8.352196447707382,111.7274884483939,0.47959685558377474,29
2020-03-16,Dengue,Coimbatore,26.42011751207788,78.35655897144562,4.9181301810808975,85.9911582836546,0.7908416932206294,28
2020-03-17,Dengue,Coimbatore,29.540793923958333,58.86639187481717,3.071728091154326,115.52281605631102,0.5386096671810874,33
2020-03-18,Dengue,Coimbatore,22.5144536915875,58.37215521205634,0.0,88.07937440588083,0.5149846659589001,36
2020-03-19,Dengue,Coimbatore,22.547794566733838,69.35674910905911,1.4422669723014616,95.1734551237488,0.7702088831407524,30
2020-03-20,Dengue,Coimbatore,23.359959746238204,62.283448896739465,10.020356270895611,110.10691577685522,0.6594019280474752,31
2020-03-21,Dengue,Coimbatore,27.434189663474776,53.51736711247382,7.456332931264582,113.06897877618829,0.5251629576854593,30
2020-03-22,Dengue,Coimbatore,31.465998244571853,55.22437874527313,0.6664479889931805,111.45519898271891,0.4201955777649632,27
2020-03-23,Dengue,Coimbatore,25.131339288141668,62.44158863096908,4.018645410233564,65.646671429653,0.783032406033527,30
2020-03-24,Dengue,Coimbatore,27.273716188333037,79.59107157301978,2.50580159819764,100.46379900520768,0.6659978064951095,36
2020-03-25,Dengue,Coimbatore,24.929343547377286,63.25645742097164,5.675923766122825,84.45709606749962,0.7658194655394236,30
2020-03-26,Dengue,Coimbatore,30.03238879093782,60.075539256694825,5.047422632335518,88.69866374176584,0.6453166739549516,35
2020-03-27,Dengue,Coimbatore,28.658510706136735,75.36201832131722,6.7614130526385425,73.0728955537868,0.7273478265925349,30
2020-03-28,Dengue,Coimbatore,22.904185493211838,56.29482894152311,10.115042441621089,85.48795031674607,0.6426926898869746,28
2020-03-29,Dengue,Coimbatore,20.565558736595015,53.68586388736391,4.1881382614161895,103.38884275671528,0.5974003968617634,34
2020-03-30,Dengue,Coimbatore,26.446746858041973,52.62337577672702,7.607468193167819,103.30936255900113,0.6085796096667521,29
2020-03-31,Dengue,Coimbatore,23.819171687954217,79.69798926277288,6.7929579390597485,81.21276511113398,0.5334427156116173,27
2020-04-01,Dengue,Coimbatore,25.911455786814628,72.21562505126144,4.307400878465693,111.79890994981551,0.6520988877824632,32
2020-04-02,Dengue,Coimbatore,20.153900646169824,44.64469157182127,6.61497206719078,92.76371870916154,0.4256025386434484,28
2020-04-03,Dengue,Coimbatore,29.497103213978278,65.00421259237119,1.1254666967125848,96.40645975187502,0.6360930636603571,33
2020-04-04,Dengue,Coimbatore,24.95848676171729,58.10272225935826,3.520631532800684,111.65448005203221,0.6620694858097352,27
2020-04-05,Dengue,Coimbatore,29.4631811069748,65.85281317965739,7.42667876031803,98.19695646221494,0.5784804883910175,30
2020-04-06,Dengue,Coimbatore,21.976558303787705,53.82925857538254,5.298817269564322,65.10366621782906,0.6142215259518691,31
2020-04-07,Dengue,Coimbatore,24.185555597179196,66.55522425954996,5.332047216967479,91.88549733265477,0.4864240464979066,33
2020-04-08,Dengue,Coimbatore,24.6236372199913,68.27879524159357,5.257679018879991,56.71049440878697,0.7764483250134695,27
2020-04-09,Dengue,Coimbatore,26.913690214500487,62.13278825238759,5.924782521687476,57.65098955050818,0.7177942534593963,33
2020-04-10,Dengue,Coimbatore,25.524453306426334,66.6465515535857,3.831795370909404,113.86357357356776,0.6442187020061698,31
2020-04-11,Dengue,Coimbatore,29.784202021950748,58.61138472055627,4.333386011231298,53.85788518172564,0.5718434368529454,33
2020-04-12,Dengue,Coimbatore,25.336314840473552,82.44639173258682,4.156941058185243,96.37449174371318,0.5417085308868863,29
2020-04-13,Dengue,Coimbatore,25.31724843833306,49.727800775286255,0.7471281974456838,98.99788949753467,0.4230928636900469,32
2020-04-14,Dengue,Coimbatore,22.39983107611464,52.74232183242398,6.34606930501672,113.34074159215585,0.7944986687805606,35
2020-04-15,Dengue,Coimbatore,20.242050063286126,46.20075614860955,10.612895526115347,95.84421266056356,0.6808584384727319,27
2020-04-16,Dengue,Coimbatore,23.146322593802857,54.38218946039947,11.708898862544721,110.76708657270581,0.4088565901890518,27
2020-04-17,Dengue,Coimbatore,27.272988618819927,64.92484635729222,6.063852704053832,89.32568119841426,0.6049139028973941,31
2020-04-18,Dengue,Coimbatore,27.24726953275921,76.08788382475365,6.611946972632612,110.01525488923949,0.7429235609443364,29
2020-04-19,Dengue,Coimbatore,31.08588677280962,74.58476527604755,1.7107925415457954,102.57355319356711,0.4039915106633798,35
2020-04-20,Dengue,Coimbatore,28.733494228063172,66.32020922617558,6.084326110841976,95.07520000382387,0.5940378639918161,29
2020-04-21,Dengue,Coimbatore,25.79885119134589,46.912529843577474,8.99527091118366,90.65810039743462,0.561827462561607,29
2020-04-22,Dengue,Coimbatore,24.889559481465152,63.01523484924245,2.308860708064235,79.90429732309482,0.4167941715638353,32
2020-04-23,Dengue,Coimbatore,27.545292646615856,42.53110666015395,3.1798991157041097,93.16925538419208,0.5501875713866002,32
2020-04-24,Dengue,Coimbatore,19.370341881874378,71.19711445966136,3.093912833523112,72.15500011364458,0.5490133095038203,33
2020-04-25,Dengue,Coimbatore,23.18576600638536,42.944339429009304,7.691198590661397,109.12312561918083,0.6835062620916617,28
2020-04-26,Dengue,Coimbatore,24.37313753432796,86.10135582085623,5.805601959394426,112.69513899005983,0.4265853303105089,34
2020-04-27,Dengue,Coimbatore,29.306307357518058,42.90648394176657,0.0,94.56954444522076,0.6709893659293892,30
2020-04-28,Dengue,Coimbatore,26.22928838787849,56.389120898264295,9.210109910375571,100.46854908808541,0.4679524024202941,35
2020-04-29,Dengue,Coimbatore,21.552535347280607,48.90188546303313,3.5348605362109957,79.65783262824642,0.642164703003035,31
2020-04-30,Dengue,Coimbatore,27.3523827725941,68.10591258872702,10.593875170469236,106.64894393820504,0.46259068640144024,36
2020-01-01,COVID-19,Madurai,22.036507957238605,74.33232448315634,3.109062562241056,74.87916784332077,0.4966002511971334,34
2020-01-02,COVID-19,Madurai,27.551943003346754,63.43257924217724,0.8828761991017826,90.46567346643535,0.43078866775234964,34
2020-01-03,COVID-19,Madurai,24.502686407195636,54.182525127011594,6.69706123900817,89.08902884421761,0.5724347450493158,38
2020-01-04,COVID-19,Madurai,31.56417027786588,70.31990607611803,2.560963634838883,101.0098384112785,0.6114897676393743,37
2020-01-05,COVID-19,Madurai,21.960052493206824,72.01186326070373,0.42221084368221273,99.26812200696853,0.6647875779175474,36
2020-01-06,COVID-19,Madurai,26.049670360344212,64.72144444622666,6.99675190083258,100.45969558368597,0.6991354297648287,33
2020-01-07,COVID-19,Madurai,23.619771237599505,64.33612382410028,4.002088044947123,97.37313181315965,0.6229348678292033,40
2020-01-08,COVID-19,Madurai,26.118498975395898,69.70514761760802,0.9265326138873373,85.16152823847034,0.6056804160037357,39
2020-01-09,COVID-19,Madurai,23.59255290992257,71.44628246317697,2.8781198580921146,91.88047973647754,0.4379671747286679,36
2020-01-10,COVID-19,Madurai,26.8073982871027,75.4185214374803,4.96048103443302,87.14207448504483,0.6284649194489444,33
2020-01-11,COVID-19,Madurai,24.112244736949346,75.99377388182451,1.9047962606104667,106.70040758915908,0.4530578310403813,42
2020-01-12,COVID-19,Madurai,31.036811337102296,75.23709546106981,5.747925786925187,105.6763271112713,0.6323801519552718,36
2020-01-13,COVID-19,Madurai,30.30631534977826,60.078564848039974,0.9379449245047882,81.7021172484767,0.6387407507551038,41
2020-01-14,COVID-19,Madurai,20.539192082418648,51.014803519348156,9.550840369125934,110.26703869891844,0.5877140909303162,38
2020-01-15,COVID-19,Madurai,26.876524050493106,73.8523148298899,3.222932133043839,91.85321543933374,0.5819057370210645,35
2020-01-16,COVID-19,Madurai,27.814665992967196,61.45062548567718,3.4418210407568717,92.30161463931408,0.6577026894603246,42
2020-01-17,COVID-19,Madurai,21.064951748599647,73.67632083906136,6.212304965027025,74.67038834413806,0.6397208464557751,41
2020-01-18,COVID-19,Madurai,23.806887658279248,83.1994885054967,7.857795183946719,97.10539705098341,0.4678913714307693,37
2020-01-19,COVID-19,Madurai,24.462550727009713,52.319857926166236,10.717824045372694,83.05248580390813,0.7640852139471027,41
2020-01-20,COVID-19,Madurai,28.552517582980435,67.99774563721564,3.0580537750098884,93.28488785000988,0.696225889303804,41
2020-01-21,COVID-19,Madurai,29.884448637270573,72.55925191643794,5.619939314295016,101.07736248909511,0.49851440752421267,40
2020-01-22,COVID-19,Madurai,26.325327989766194,65.01461834191483,1.9609114711695508,112.38026804041583,0.7200293728307472,42
2020-01-23,COVID-19,Madurai,25.759495714113942,73.20344012612456,4.899162305888861,96.82111368211702,0.7389551722285496,37
2020-01-24,COVID-19,Madurai,22.539634839711372,45.642344527887616,9.910477070337347,74.91280994456837,0.7567572413026251,37
2020-01-25,COVID-19,Madurai,29.30340060803816,67.57130652418621,1.418867037017515,85.47980325462673,0.5899803861054993,36
2020-01-26,COVID-19,Madurai,23.526538758573686,62.15124506630329,4.2314607425138595,86.37753831193832,0.7892307191649194,43
2020-01-27,COVID-19,Madurai,24.814707400419614,69.79441518086064,7.623551222397568,80.25352159727599,0.5305015672164588,42
2020-01-28,COVID-19,Madurai,23.653850294004705,75.90434341399109,0.9371598366935547,74.95331975940033,0.7901493108585684,44
2020-01-29,COVID-19,Madurai,23.861786503042474,68.32065249164407,7.64355002912602,84.29637666104695,0.46197012445737706,41
2020-01-30,COVID-19,Madurai,27.553207642061842,80.00571368962669,4.771709694164122,71.73905821516101,0.7122224107548856,42
2020-01-31,COVID-19,Madurai,20.720863233155775,72.8136222236251,2.460061253400913,89.63014078902759,0.5838336228854493,44
2020-02-01,COVID-19,Madurai,21.44241835860939,41.78043582658189,6.625526268008953,114.6173930863736,0.6668849348776724,42
2020-02-02,COVID-19,Madurai,21.762773499796072,70.89139359027972,9.550438601389622,95.36757523006536,0.7761676829202988,44
2020-02-03,COVID-19,Madurai,24.853308449577682,50.94810153196425,4.842786648267592,115.56158274383236,0.5932723453254675,37
2020-02-04,COVID-19,Madurai,22.595623087810814,68.30810925259757,4.086770760986565,93.63236236111851,0.6794122500836548,43
2020-02-05,COVID-19,Madurai,27.77619427239017,65.31781568161591,10.187344304208601,91.11418866124274,0.6051588222075238,40
2020-02-06,COVID-19,Madurai,25.886873466241283,49.833574505792086,9.430803278354823,72.48330673098097,0.4564894173492598,40
2020-02-07,COVID-19,Madurai,24.349734950541485,67.29711016802297,4.908262941489598,107.5954880073856,0.5626227135232418,41
2020-02-08,COVID-19,Madurai,29.145351692355817,83.73020623575457,0.0,103.98435127599419,0.7142572414116509,38
2020-02-09,COVID-19,Madurai,28.714713821939295,56.23007405489448,0.0,102.53151132323798,0.7954086591981787,44
2020-02-10,COVID-19,Madurai,25.406207447450836,48.31561246097372,12.588693516388465,99.36629118384828,0.7006704688091677,45
2020-02-11,COVID-19,Madurai,26.60445200903773,77.28980502489063,3.0880767589136155,96.87580055327226,0.5833294378350302,36
2020-02-12,COVID-19,Madurai,22.000741596735605,57.16477815864618,7.1037666775301815,92.72413599380265,0.7143250581873493,42
2020-02-13,COVID-19,Madurai,27.593589725622387,80.18886581452664,5.239929484334212,114.17685886968593,0.6816333085285357,37
2020-02-14,COVID-19,Madurai,28.514986935341653,61.3466404698753,3.201900518479043,73.3499464217111,0.604232302983824,39
2020-02-15,COVID-19,Madurai,23.868035469645218,85.2580709191125,3.7012975436445585,94.71673376027942,0.6505289406624781,36
2020-02-16,COVID-19,Madurai,22.667829772423286,71.93324690332601,3.7149642808824144,59.295979699158,0.7093524191128999,44
2020-02-17,COVID-19,Madurai,20.448478909984964,72.50579167521765,3.7514167853442384,73.04895991439463,0.7205783104891815,38
2020-02-18,COVID-19,Madurai,23.39399473895133,68.5845361820962,2.8071311728535804,101.3688277488543,0.6709572519555491,40
2020-02-19,COVID-19,Madurai,20.696603974450937,54.426671828252694,3.703628872027839,113.46929611741125,0.43501946561111227,36
2020-02-20,COVID-19,Madurai,22.891815952262085,52.95306717171887,6.516212820292991,92.93767870516028,0.506198562971629,36
2020-02-21,COVID-19,Madurai,21.713699628116238,70.46073513137111,7.620549273409252,67.61596820010205,0.6398510273839686,39
2020-02-22,COVID-19,Madurai,22.332277515315027,74.55300558237752,7.628140377589382,112.09006013626473,0.7960435384347464,45
2020-02-23,COVID-19,Madurai,22.884887559581017,60.62740594622301,7.550616101393705,83.18308588072529,0.4355958859425387,44
2020-02-24,COVID-19,Madurai,25.986280901028536,65.2780291573994,4.773861162731702,100.51938490128349,0.47939642984213965,45
2020-02-25,COVID-19,Madurai,27.392808549999263,55.13074675831348,2.3593394275330186,71.0952856298461,0.5795115215978459,38
2020-02-26,COVID-19,Madurai,21.059154561762803,73.53808562309068,3.3333735152736934,76.92482881744672,0.4459187709005121,37
2020-02-27,COVID-19,Madurai,22.15325043752549,82.47363197915558,7.796574692781155,86.4516706917158,0.7582251392527355,43
2020-02-28,COVID-19,Madurai,21.86999547084899,54.370333439750056,4.56659475410062,75.79430013239207,0.6918847625989689,39
2020-02-29,COVID-19,Madurai,22.4916790123612,46.15213640983726,5.687942385303941,115.69001569257853,0.5151781370703971,46
2020-03-01,COVID-19,Madurai,27.34102843484934,48.75202009897011,1.3728968090324436,86.42492741529644,0.4466332298222787,41
2020-03-02,COVID-19,Madurai,23.76682662439887,63.69050777815527,2.2628376424628307,92.82701593599415,0.7492077576118865,44
2020-03-03,COVID-19,Madurai,27.197476308339407,67.88723662825024,0.035337691315111996,75.59930557080804,0.40432443345407854,43
2020-03-04,COVID-19,Madurai,27.442508449997057,57.84483180741679,2.805372291141028,86.27462960381814,0.6340313768824812,41
2020-03-05,COVID-19,Madurai,25.446730227539117,58.20559077068287,6.270025845825726,121.21148856058784,0.44130600355001937,46
2020-03-06,COVID-19,Madurai,27.03291906545004,72.90501360661723,0.29801253942641637,95.67520793410895,0.5694191663967586,45
2020-03-07,COVID-19,Madurai,23.27635907159836,60.801365389136805,0.48537202151262004,91.88975931673366,0.7957727063118527,37
2020-03-08,COVID-19,Madurai,26.45810886825291,49.52696011061634,8.248073161661221,82.93313022273182,0.7282784643067117,42
2020-03-09,COVID-19,Madurai,25.422528899672244,66.89696931217662,1.4470851469426398,92.95989525922317,0.7338363810381089,42
2020-03-10,COVID-19,Madurai,21.13070325470482,67.6698698552765,5.688209743494304,73.78294330803507,0.7047534447449776,37
2020-03-11,COVID-19,Madurai,22.390059422575273,58.40373698940088,4.5739771609114195,78.61721803443544,0.6406728656073185,41
2020-03-12,COVID-19,Madurai,21.719328562335292,56.775290871507096,8.563157531499204,113.03343566873123,0.5328439133232499,45
2020-03-13,COVID-19,Madurai,23.972352397426704,66.70463770996571,2.1118023041461633,86.9008308045593,0.6451183342146042,39
2020-03-14,COVID-19,Madurai,24.350643331685657,58.69713555934858,0.0,107.15755089630586,0.733457604190069,44
2020-03-15,COVID-19,Madurai,23.089520650829982,46.42280138642289,9.788145474186667,84.64892155111458,0.6126644095057933,41
2020-03-16,COVID-19,Madurai,24.50341554594002,58.2061543019365,3.8688674925972255,84.75577514946676,0.7309208598948984,40
2020-03-17,COVID-19,Madurai,21.400420833461204,62.0774478455616,5.459305978802976,105.27235871473128,0.49255225455073925,44
2020-03-18,COVID-19,Madurai,27.68214879197438,60.03289176069592,4.8491510769125,80.41314716292054,0.5518467057806682,45
2020-03-19,COVID-19,Madurai,23.49408487790592,62.367451697363705,4.341728222229478,88.66620449221857,0.7123855454577741,43
2020-03-20,COVID-19,Madurai,27.32546648210435,70.53040085852358,5.702073363059444,86.27207072888326,0.6161186127161229,46
2020-03-21,COVID-19,Madurai,23.80976506301688,62.34224303545723,5.008431547058369,113.68175364918378,0.5735082264072071,44
2020-03-22,COVID-19,Madurai,19.83408110760184,68.6231845873556,4.568124818635966,93.04488169404117,0.7537420601823015,39
2020-03-23,COVID-19,Madurai,26.6143988937054,73.30507957660087,1.803395930309168,107.89756297462716,0.4935587725888814,39
2020-03-24,COVID-19,Madurai,28.924035746985332,53.21183359775203,9.040009171264597,82.8848183714479,0.5063713802528476,46
2020-03-25,COVID-19,Madurai,25.220303557723355,61.63621336889596,8.847090422346811,106.31609764850622,0.4481550315156356,45
2020-03-26,COVID-19,Madurai,24.410433641717848,74.49173706427672,7.557035499385301,89.90480368390747,0.7105161910063792,38
2020-03-27,COVID-19,Madurai,24.09742075857752,52.90523064581195,6.166936188056551,93.77210413410768,0.43365106490375316,46
2020-03-28,COVID-19,Madurai,28.24981973039865,59.33593257037514,3.262399526836029,86.62540051067528,0.4939977110138767,41
2020-03-29,COVID-19,Madurai,23.87901376520749,59.927285894061875,3.2182904839390933,88.40667759236983,0.41575673347712777,37
2020-03-30,COVID-19,Madurai,22.925876507758193,75.45134548384269,7.469928356312551,74.25181138660868,0.5456451100041998,40
2020-03-31,COVID-19,Madurai,25.123976896811854,69.43002130447375,7.854649311722128,74.68256313659549,0.5085968010170846,43
2020-04-01,COVID-19,Madurai,25.118771589333846,53.94743578849434,1.5142025250312656,85.36638702591347,0.48871279127692746,37
2020-04-02,COVID-19,Madurai,26.90698479025288,59.51250866585181,0.0,80.84965533752467,0.7482753821829757,43
2020-04-03,COVID-19,Madurai,27.032078565059265,57.24965810576276,4.9671864889514135,80.13772593050484,0.5768428138718881,39
2020-04-04,COVID-19,Madurai,30.812364690815272,63.43960233306816,0.6271769630134774,94.06556701143188,0.48343534709642033,41
2020-04-05,COVID-19,Madurai,23.18048983535278,69.55904195170703,3.6227290693430247,79.58099446255284,0.5444298905364149,42
2020-04-06,COVID-19,Madurai,24.765284222970205,64.10876870466767,5.941297769925162,108.16035860633855,0.5350129863535276,38
2020-04-07,COVID-19,Madurai,26.575571171013184,53.621928403463656,6.570185050706046,85.11618964270318,0.7582759777066467,40
2020-04-08,COVID-19,Madurai,27.58730022866607,68.40508092742023,3.6842428679459704,95.32547397256256,0.6182328487168266,38
2020-04-09,COVID-19,Madurai,21.688990514408893,61.692107756724425,2.659402612647612,109.95862356058561,0.668508330091653,38
2020-04-10,COVID-19,Madurai,24.835056570097304,60.34177921080391,1.8985565894577494,90.18715574003201,0.4676247113758865,39
2020-04-11,COVID-19,Madurai,28.15837467070814,67.23748319574307,4.1591926866093,62.610236375585544,0.6477559877466008,40
2020-04-12,COVID-19,Madurai,31.342995144190287,55.46581097622325,5.027132624596893,121.55597876724464,0.657944489125992,43
2020-04-13,COVID-19,Madurai,25.555526610489743,69.25444864184172,5.666869567402562,109.1829871997009,0.7118066805696255,46
2020-04-14,COVID-19,Madurai,19.99213195937805,66.59876634014178,2.401413203919704,41.408434125898964,0.47800359217544636,41
2020-04-15,COVID-19,Madurai,22.682021664187527,73.3019181186261,7.701195765185191,96.76837978977763,0.5297317509406072,46
2020-04-16,COVID-19,Madurai,27.051017264250753,64.44552637886207,8.481480612182029,70.96791138636716,0.6608941412529763,41
2020-04-17,COVID-19,Madurai,21.50556718198419,71.09098606442714,6.110008538631097,79.58267570958505,0.4453763268415667,38
2020-04-18,COVID-19,Madurai,26.101510480700302,52.65407554215761,2.0003002212088985,86.44218392381902,0.4111375630309654,46
2020-04-19,COVID-19,Madurai,24.443147596246238,61.782937821785666,5.227632169879438,85.9095812677131,0.570559342720649,40
2020-04-20,COVID-19,Madurai,23.362472242086767,56.29743776482775,5.65733180010323,91.1571717882469,0.4201667094408837,41
2020-04-21,COVID-19,Madurai,29.866579304648287,84.51142048297794,2.6807496332885563,90.00750097550444,0.43595074069446427,38
2020-04-22,COVID-19,Madurai,25.790707220606453,61.72947441245904,7.643369417838578,100.5281367196188,0.7977661070235494,44
2020-04-23,COVID-19,Madurai,26.91598050592931,75.5811832508715,6.102859520629133,92.22134129697415,0.5183296389986145,41
2020-04-24,COVID-19,Madurai,28.560203860531992,79.36335405705978,4.2856686910638375,90.69004120879912,0.691511221780259,37
2020-04-25,COVID-19,Madurai,26.996250471075335,84.4121743646375,2.3650307684607834,84.32988151472674,0.4377675590641924,45
2020-04-26,COVID-19,Madurai,24.74981913661335,33.12188523959857,7.047908250706117,85.28004573979828,0.6579611621169423,37
2020-04-27,COVID-19,Madurai,21.543491861439943,66.78030734679372,5.3693182537628275,103.86501424487673,0.7249032483961368,42
2020-04-28,COVID-19,Madurai,23.3792409899927,51.54168215457578,1.6031517335681564,89.06382691296577,0.43241544418602273,43
2020-04-29,COVID-19,Madurai,24.90546302673093,67.74741902746345,8.206878605825414,91.36782410765673,0.7982275601962752,39
2020-04-30,COVID-19,Madurai,23.314161256914694,75.14645386439412,2.546853572809608,65.51095881469016,0.6690029050694597,42
2020-01-01,Dengue,Madurai,22.62310482338768,61.00901146179074,2.2492173640102116,94.89936326347701,0.6313970032917321,15
2020-01-02,Dengue,Madurai,28.1071739277491,73.19728331691012,4.99964255432272,106.25010656866974,0.6920996758118285,20
2020-01-03,Dengue,Madurai,23.62135317651473,47.618883604546134,8.135753044619232,95.24654280909087,0.4784982866824663,15
2020-01-04,Dengue,Madurai,28.717038976047895,91.84345742423311,2.055064789474334,74.1221992493616,0.5111380652826263,20
2020-01-05,Dengue,Madurai,25.588394377071722,55.95931710264,0.35311842483957534,93.86963971831771,0.6551096567382366,17
2020-01-06,Dengue,Madurai,19.730916905084516,66.78650728589035,9.719181098192493,65.86847005193215,0.6611798632551369,12
2020-01-07,Dengue,Madurai,25.115775588196843,69.1118215958429,2.902045376517014,107.43687429888459,0.7766307410935736,16
2020-01-08,Dengue,Madurai,21.920892377002325,77.3000057271915,2.1058837227478557,114.42702832158483,0.7025015165689737,21
2020-01-09,Dengue,Madurai,27.036793870177835,63.63004510557542,3.44181088452162,84.8863818398088,0.6338172453037834,20
2020-01-10,Dengue,Madurai,23.218565775793884,63.34368589682368,5.23573108915745,58.06898858377782,0.4647692026528855,12
2020-01-11,Dengue,Madurai,25.92425698227742,64.69614510490014,2.567446597577958,123.2751522451708,0.5587791891737172,18
2020-01-12,Dengue,Madurai,29.745096904364477,59.16436527684073,4.109680217102913,84.63140903056448,0.4722072913569695,21
2020-01-13,Dengue,Madurai,29.352782644837635,83.07196643637886,0.0,74.6395711367043,0.45072960902016757,17
2020-01-14,Dengue,Madurai,24.392794034105968,65.76953990225545,9.501949369199124,103.62504241621642,0.4859666125546877,19
2020-01-15,Dengue,Madurai,27.987615929976783,67.54996750674599,0.0,103.79554971126453,0.7212047526105283,14
2020-01-16,Dengue,Madurai,30.966304071743636,68.34118649629997,1.72661288839155,94.3179884748422,0.4688344129810506,15
2020-01-17,Dengue,Madurai,24.334934260002797,53.50628389784127,2.7310297261142766,92.58825287706286,0.7758274356100663,22
2020-01-18,Dengue,Madurai,25.82948843012165,31.604998217457577,3.1292717263939545,74.87006528424817,0.7165639002027903,16
2020-01-19,Dengue,Madurai,22.879810709442282,73.986484586849,6.678731184531401,77.79704475950646,0.41611420751119943,18
2020-01-20,Dengue,Madurai,17.522931391291294,55.17759920776814,6.585553653184778,109.22088823474255,0.5367389141992369,18
2020-01-21,Dengue,Madurai,22.975197943628345,60.96924010934969,10.974659906614203,77.51908042725215,0.55238073800939,18
2020-01-22,Dengue,Madurai,24.338541537497765,62.35385296627871,9.855143986543506,86.0843071217977,0.7622155351715605,22
2020-01-23,Dengue,Madurai,20.87800135773008,62.309972241168914,5.078382418807366,63.97608551797407,0.427243609889409,14
2020-01-24,Dengue,Madurai,26.332594981872017,76.01322957735762,6.399635934350381,110.19338634304123,0.5656564272862665,20
2020-01-25,Dengue,Madurai,20.967866114584467,70.05326500078066,8.30878319822798,119.02980504897606,0.47393535917881,18
2020-01-26,Dengue,Madurai,29.20119938438585,70.54224703946039,0.3668679399548411,91.98409185746132,0.666608790677214,20
2020-01-27,Dengue,Madurai,21.351022501614704,62.89833092208099,3.4484507485817946,81.7775046604613,0.5546828228175912,19
2020-01-28,Dengue,Madurai,28.090720638610826,61.6637544820595,2.513217160985314,80.67447665641669,0.5897739574482941,16
2020-01-29,Dengue,Madurai,30.087168633432597,83.97288694773111,5.470081184739573,105.35295966278017,0.7839164081619401,22
2020-01-30,Dengue,Madurai,17.05270137019882,78.51502903456121,7.7352959685260085,63.99924206917629,0.581711358715929,14
2020-01-31,Dengue,Madurai,20.087185247629986,66.19600262667105,5.957480870275972,91.96531143118047,0.4570226220132463,15
2020-02-01,Dengue,Madurai,22.113432460057943,70.02447266729007,4.5231927940136565,83.72293454224206,0.7063886299420716,22
2020-02-02,Dengue,Madurai,23.91606831409813,64.35815838711181,1.9682053402132595,82.27172409287635,0.4393696756405475,16
2020-02-03,Dengue,Madurai,25.156955643467448,69.90828500618096,1.1429527452599682,89.44031387630048,0.420389950808977,15
2020-02-04,Dengue,Madurai,26.862242665838274,75.40188564792751,0.7879961108567066,129.67555185622737,0.7689737134624498,15
2020-02-05,Dengue,Madurai,29.3993671784722,77.7041646058122,3.613228159757446,103.6142741520031,0.674918225033007,19
2020-02-06,Dengue,Madurai,24.767915957142492,82.58417857379125,9.097515816669391,101.17344627670646,0.644910306277549,21
2020-02-07,Dengue,Madurai,23.207729904570314,75.77901739453326,3.337834119761649,113.98735026792922,0.6313439052466161,17
2020-02-08,Dengue,Madurai,22.719457806313798,65.3850698249576,5.91836210303588,101.76449654583924,0.583857838954295,20
2020-02-09,Dengue,Madurai,26.508234422472444,40.06729179669922,2.103005589430376,114.43749547351418,0.45320391956293155,21
2020-02-10,Dengue,Madurai,23.254653899823836,53.261200355910276,4.406186813045954,121.01859507245328,0.5673558133513334,16
2020-02-11,Dengue,Madurai,21.459149188531384,67.63546740578168,12.709721106426004,69.62682497210707,0.6281147754925562,16
2020-02-12,Dengue,Madurai,24.449538271004478,48.30199846903653,5.14031429252254,88.39270678446695,0.5322244009225163,19
2020-02-13,Dengue,Madurai,29.129489350058613,68.13132140013155,7.061197387576749,111.99811288917904,0.5952710701243257,21
2020-02-14,Dengue,Madurai,26.76804813213446,62.386372176731335,5.489630765082063,84.45970334930156,0.4731004663949744,24
2020-02-15,Dengue,Madurai,24.994790430172912,62.72112018449338,7.981789271364955,76.37690726567145,0.4095785061081934,16
2020-02-16,Dengue,Madurai,22.32634449967975,64.38159916039316,7.557787409885308,121.80852180645752,0.562946209685133,17
2020-02-17,Dengue,Madurai,24.885579743675052,65.49802790902832,7.808627028739849,92.77215453734608,0.638778089365269,17
2020-02-18,Dengue,Madurai,26.326237110403024,77.21131078526493,1.9079317957385942,77.07172606507591,0.5309683834933793,15
2020-02-19,Dengue,Madurai,22.504135247516647,58.617172734715055,2.553873115051637,74.00647602151162,0.6220535147012755,20
2020-02-20,Dengue,Madurai,22.93350281702623,66.42748336044957,3.8338505271883174,95.99098123917774,0.6892286544198676,24
2020-02-21,Dengue,Madurai,20.532560746302615,65.94124267789276,2.842979996955788,66.55365752759378,0.724746449604152,18
2020-02-22,Dengue,Madurai,29.01076131269414,76.82565727060872,4.67793562785795,104.99128549016866,0.6258362555733854,16
2020-02-23,Dengue,Madurai,25.18368282541052,65.74755323365632,3.8074620832704134,85.26326435339745,0.6553955139196542,24
2020-02-24,Dengue,Madurai,23.82159341044244,51.37088586650025,7.097060925751686,86.34734316147158,0.41611557829381685,22
2020-02-25,Dengue,Madurai,22.579760859371532,48.07318384489063,6.679101417234266,92.81308176620944,0.5213542174516533,18
2020-02-26,Dengue,Madurai,23.66531696035346,55.9663904245231,4.7751321049717985,97.28323942953205,0.6528076833689747,22
2020-02-27,Dengue,Madurai,19.06532425187557,65.4693490206037,10.693301050237931,75.78160924096521,0.6980858970763338,18
2020-02-28,Dengue,Madurai,27.464363287760218,65.45616429321544,6.394406392495932,96.69046432878189,0.7180232070424525,22
2020-02-29,Dengue,Madurai,23.349586865565794,69.08849018998741,8.713173456587409,110.68352549769705,0.4102279196358939,16
2020-03-01,Dengue,Madurai,24.930925436660498,57.713219330542096,4.123974363460922,83.18949629520834,0.5267770487069126,19
2020-03-02,Dengue,Madurai,33.762257697657645,55.8713568223637,2.898042036966336,103.2397211551968,0.7647274514744367,17
2020-03-03,Dengue,Madurai,25.448090446813566,68.64140296054661,5.021535400723826,58.70283512443373,0.6582900173404215,25
2020-03-04,Dengue,Madurai,22.594884872053083,54.40049921015283,4.956936600307554,88.0481605546517,0.43370215096718856,21
2020-03-05,Dengue,Madurai,28.609143556617774,72.75423733089374,7.450603908596786,83.60597164985361,0.4526747613744828,16
2020-03-06,Dengue,Madurai,22.719480834654338,66.77916807009872,8.796098279094695,112.2999549637976,0.6553402309681727,23
2020-03-07,Dengue,Madurai,24.815339986194417,64.57810299539464,6.514137096951682,82.78563794375829,0.6706578539279391,16
2020-03-08,Dengue,Madurai,26.8092840548465,56.49464721252956,12.455569750036675,93.97162966466969,0.5843593352826328,20
2020-03-09,Dengue,Madurai,24.54860680053078,71.67660792646923,10.555645675801616,85.78398543087951,0.7688767712205138,16
2020-03-10,Dengue,Madurai,22.657134424402166,60.76224544392008,0.3424580231413392,103.46636848072734,0.5304431410050294,21
2020-03-11,Dengue,Madurai,27.72886339425702,61.23089675590151,7.277271186165191,74.4286724427557,0.6518513379754372,24
2020-03-12,Dengue,Madurai,24.734262907540995,66.30893487943796,1.1397161160417904,91.62001115920455,0.4669838978071954,22
2020-03-13,Dengue,Madurai,25.04568106185235,75.47851131465157,1.586786012565823,90.36611009299743,0.7930958163641544,21
2020-03-14,Dengue,Madurai,17.142271819249324,51.029310796895366,5.266742977439236,106.37836971231164,0.5871921849912174,20
2020-03-15,Dengue,Madurai,26.29436150198428,73.78195463753168,3.739659315271946,79.75826462368396,0.418425225472791,19
2020-03-16,Dengue,Madurai,18.944536406834086,66.45063745959382,7.379527064656032,88.16914301818085,0.5380067359698265,24
2020-03-17,Dengue,Madurai,22.609182218628927,91.48143985753487,7.086570046895775,133.2634841486047,0.5125571928688653,17
2020-03-18,Dengue,Madurai,25.44825842052759,62.11607799699701,4.640176179120583,101.10610683565855,0.4476562687984193,19
2020-03-19,Dengue,Madurai,24.74805439358148,64.49290780134517,7.597779854915306,105.02202938301208,0.4937997910696375,22
2020-03-20,Dengue,Madurai,28.758527903282452,60.51775383699851,2.923249012202311,60.46615286375875,0.6702347094269756,25
2020-03-21,Dengue,Madurai,25.93440268978316,69.30348441904752,4.7152802921872095,90.52163953190161,0.6139866693637777,19
2020-03-22,Dengue,Madurai,24.96950283777167,67.96364439254636,5.744821798734337,65.61600950010822,0.7968542557914331,19
2020-03-23,Dengue,Madurai,23.753471450830926,71.47408878574802,8.416726262223245,91.65049635071259,0.5303525370463162,25
2020-03-24,Dengue,Madurai,26.99410823599933,59.47079162632698,8.005474561045812,82.53643742422189,0.40023917553391813,16
2020-03-25,Dengue,Madurai,20.982514793390557,66.59743367050744,2.9674487843486084,88.33519542342398,0.48956983511863583,21
2020-03-26,Dengue,Madurai,25.79178446051466,81.91602165377414,3.6316827945782872,104.47700385858569,0.6835596451093264,25
2020-03-27,Dengue,Madurai,21.87226691598827,53.2776624656336,6.393109590639723,81.74172102437268,0.4489991447863957,23
2020-03-28,Dengue,Madurai,22.117783364993613,53.032531900749774,10.129484558230995,87.46916732704095,0.4556008820796311,21
2020-03-29,Dengue,Madurai,25.023640554084185,61.743889478514966,4.5069943823438265,93.18140029611263,0.5136737182846915,17
2020-03-30,Dengue,Madurai,20.834372338506366,48.9972889549629,1.3481519233385617,92.39193760206194,0.6764986655143957,25
2020-03-31,Dengue,Madurai,24.294621002352663,51.38527663867271,6.43383163200172,105.28218119551417,0.5644816268847417,16
2020-04-01,Dengue,Madurai,25.49021642206721,53.04376229144788,4.338071749652683,78.86627979650696,0.5654066121159838,22
2020-04-02,Dengue,Madurai,27.704653769724295,75.6014770520266,5.1011761752863825,118.246233796046,0.731660256113656,22
2020-04-03,Dengue,Madurai,23.70399518724718,88.33756533705565,9.710394246739135,88.08038046707227,0.6514265602589133,17
2020-04-04,Dengue,Madurai,29.659123228877945,40.180136642796946,7.158054347872506,98.13448153958612,0.6786245608576185,22
2020-04-05,Dengue,Madurai,25.74343383854358,77.8314030529808,6.618420121080116,93.25359665598545,0.6476672176972234,25
2020-04-06,Dengue,Madurai,28.712961272535996,68.79767636040896,2.095862724469264,85.34538441922645,0.47867527892512923,25
2020-04-07,Dengue,Madurai,27.164587088371572,66.07315914661962,7.2653577319176765,127.56925020407354,0.7037243420600822,16
2020-04-08,Dengue,Madurai,24.611405776832697,51.14742910492698,0.0,82.21979126796423,0.6069173928609013,24
2020-04-09,Dengue,Madurai,21.670141488891254,76.4706137784043,5.42842817732775,81.33374237768734,0.4963215264292693,21
2020-04-10,Dengue,Madurai,25.64468726151466,50.92957786457575,5.6444225686310485,68.53472027880906,0.4926396099055596,24
2020-04-11,Dengue,Madurai,24.978865043558336,62.84390421431978,3.8844263531640033,79.07307567479486,0.7704238239273062,20
2020-04-12,Dengue,Madurai,30.626714380103017,81.19068481108081,2.095195443894048,102.00338007002023,0.5775085356368981,23
2020-04-13,Dengue,Madurai,22.217306941412623,75.6927945757244,1.1278474406347643,96.44025353133708,0.7560946487183084,19
2020-04-14,Dengue,Madurai,27.850047486008936,67.430047220544,0.4018983203302078,87.05579022918094,0.6975620749208609,19
2020-04-15,Dengue,Madurai,30.859909767237973,63.71264660472077,7.186277849431339,69.03754014121104,0.7317540600569499,18
2020-04-16,Dengue,Madurai,27.094962447268607,62.47048300774236,9.540008835067177,95.97042044942805,0.7247226873403546,18
2020-04-17,Dengue,Madurai,28.453388217874572,62.80968185647522,8.580934596719683,81.6703791692093,0.7763969290297749,22
2020-04-18,Dengue,Madurai,26.68004544222378,44.80980774959117,3.8914074612309206,89.3758731340341,0.42500277660416436,25
2020-04-19,Dengue,Madurai,21.909531599609217,89.00744969459319,3.8337655243826547,125.2740308006168,0.6646815381925387,25
2020-04-20,Dengue,Madurai,23.036794314494454,55.69335782039613,4.650468864959054,114.97202743860679,0.4864125761572289,19
2020-04-21,Dengue,Madurai,17.905292723828154,72.1151599026874,8.681455022368379,96.8154556124799,0.5198674735365963,25
2020-04-22,Dengue,Madurai,30.566509944382787,67.24234744535292,3.960720481979301,65.82648961345758,0.4493799463241421,19
2020-04-23,Dengue,Madurai,20.85119514904966,53.190965484291944,1.9790801845942552,85.30926299973936,0.6952673082147375,19
2020-04-24,Dengue,Madurai,27.01459351518716,80.28031359387833,7.662511902242178,101.41269981467217,0.790164147073898,18
2020-04-25,Dengue,Madurai,28.748514702118477,51.6722260252035,3.9516820183491324,78.41146876865639,0.7262981522504484,20
2020-04-26,Dengue,Madurai,23.20907713983678,41.09695632530562,3.7633377649265896,103.7021059802611,0.7478598739248685,20
2020-04-27,Dengue,Madurai,26.61288970884964,69.28186247810577,4.160020094376561,70.8145389567032,0.4661999098654623,22
2020-04-28,Dengue,Madurai,23.989306036113206,67.55638975133164,3.7038687050775967,79.09037905844541,0.6072308660790244,23
2020-04-29,Dengue,Madurai,26.890446329283584,46.23281269317263,6.231596043227755,103.20427618475671,0.5741585293599006,22
2020-04-30,Dengue,Madurai,25.999720109567285,66.6984469724903,0.0,92.89980487131699,0.4211306745458888,25
